Year,Feature_Name,Landcover_Class,Developable_Area_km2,Proportion,diff_prop,diff_dev
2025,Nooksack,Open Space,41.9427,0.0442840228589673,2.4706233382701392e-05,0.023400000000002308
2025,Nooksack,Low Intensity,48.5199,0.051228374918992,0.0003287829519387983,0.311399999999999
2025,Nooksack,Medium Intensity,25.6212,0.0270514250745463,0.00038769781615910145,0.3672000000000004
2025,Nooksack,High Intensity,17.8767,0.0188746120646239,0.0002812709646644006,0.26640000000000086
2025,Nooksack,Forest,307.2411,0.3243918940748751,-0.0008001018657006753,-0.7577999999999747
2025,Nooksack,Agriculture,505.9278,0.5341696710079954,-0.0002223561004440766,-0.21059999999999945
2025,Upper Skagit,Open Space,3.8232,0.0465371047961262,-0.000854494862075797,-0.07020000000000026
2025,Upper Skagit,Low Intensity,2.5911,0.0315396244604631,-0.0001314607480117011,-0.010800000000000143
2025,Upper Skagit,Medium Intensity,0.7272,0.0088516903661181,1.0955062334299173e-05,0.0009000000000000119
2025,Upper Skagit,High Intensity,0.0711,0.00086544992441,0.0,0.0
2025,Upper Skagit,Forest,55.3158,0.6733200411910343,0.0010626410464275038,0.08730000000000615
2025,Upper Skagit,Agriculture,19.6254,0.2388860892618478,-8.764049867451829e-05,-0.007200000000000983
2025,San Juan,Open Space,8.3124,0.0252784156378037,-0.0002627466328745977,-0.08639999999999937
2025,San Juan,Low Intensity,12.2193,0.0371594899430989,-0.0003448549556477956,-0.11340000000000039
2025,San Juan,Medium Intensity,2.205,0.0067055130264854,1.9158608647100624e-05,0.006299999999999972
2025,San Juan,High Intensity,0.3303,0.0010044584819265,0.0,0.0
2025,San Juan,Forest,237.2967,0.721630890245805,0.0008566635009346069,0.2817000000000007
2025,San Juan,Agriculture,68.47019999999999,0.2082212326648803,-0.00026822052105940353,-0.0882000000000005
2025,Lower Skagit - Samish,Open Space,26.5194,0.0403981962985457,0.00016863429528000268,0.11070000000000135
2025,Lower Skagit - Samish,Low Intensity,31.6836,0.0482650547238853,-2.0565157960998615e-05,-0.013500000000000512
2025,Lower Skagit - Samish,Medium Intensity,18.6867,0.0284662916495861,0.00021113562173270123,0.13859999999999673
2025,Lower Skagit - Samish,High Intensity,13.3146,0.0202827297916475,0.00012476195829659933,0.08190000000000097
2025,Lower Skagit - Samish,Forest,208.1466,0.3170790894844863,-0.0008363164237463749,-0.5490000000000066
2025,Lower Skagit - Samish,Agriculture,358.0992,0.5455086380518489,0.00035234970639819174,0.23129999999997608
2025,Lyre - Hoko,Open Space,1.2078,0.002570782728631,-0.00018581663537799989,-0.08729999999999993
2025,Lyre - Hoko,Low Intensity,1.1808,0.002513313666143,-4.405961457420006e-05,-0.02069999999999994
2025,Lyre - Hoko,Medium Intensity,0.6642,0.0014137389372054,2.1071989578900054e-05,0.00990000000000002
2025,Lyre - Hoko,High Intensity,0.0216,4.597524999042183e-05,0.0,0.0
2025,Lyre - Hoko,Forest,460.7127,0.9806195164936208,0.00024711696869839095,0.11609999999996035
2025,Lyre - Hoko,Agriculture,6.0309,0.012836672924409,-3.831270832529987e-05,-0.017999999999999794
2025,Stillaguamish,Open Space,25.4799,0.0418109050094517,-0.0004238539697542995,-0.2582999999999984
2025,Stillaguamish,Low Intensity,17.647199999999998,0.0289579395085066,0.00013143903591689848,0.08009999999999806
2025,Stillaguamish,Medium Intensity,5.6061,0.0091992556710775,0.00041942344045370165,0.2555999999999994
2025,Stillaguamish,High Intensity,1.5939,0.0026154891304347,4.578213610579966e-05,0.027900000000000036
2025,Stillaguamish,Forest,439.5744,0.7213137996219281,0.0012346408317579494,0.7524000000000228
2025,Stillaguamish,Agriculture,119.5065,0.1961026110586011,-0.0014074314744800809,-0.8576999999999941
2025,Island,Open Space,19.8468,0.0495418079210278,-0.0005930998227439976,-0.23759999999999692
2025,Island,Low Intensity,33.3036,0.0831328251546215,-0.00016624767758739722,-0.066599999999994
2025,Island,Medium Intensity,12.8781,0.0321464597107739,0.00021117948234070094,0.08460000000000001
2025,Island,High Intensity,2.9457,0.0073530898478833,1.5726131663599922e-05,0.006299999999999972
2025,Island,Forest,268.5042,0.6702432383250321,0.0004964964425242524,0.19890000000003738
2025,Island,Agriculture,63.1287,0.157582579040661,3.5945443802698485e-05,0.014400000000001967
2025,Quilcene - Snow,Open Space,11.5245,0.0475211442186009,-0.00048244816465589646,-0.11700000000000088
2025,Quilcene - Snow,Low Intensity,14.832,0.0611595827194489,-0.00019669040559049805,-0.047699999999998965
2025,Quilcene - Snow,Medium Intensity,5.3217,0.0219439692123848,-0.00035255827417149735,-0.08549999999999969
2025,Quilcene - Snow,High Intensity,1.8522,0.0076375255604748,0.00015957900830920052,0.03870000000000018
2025,Quilcene - Snow,Forest,175.1976,0.7224253040351223,0.0011430310362615659,0.27719999999999345
2025,Quilcene - Snow,Agriculture,33.7851,0.1393124742539681,-0.00027091320015290576,-0.06569999999999965
2025,Elwha - Dungeness,Open Space,11.3553,0.0393667374937207,-0.0006645886570628978,-0.19170000000000087
2025,Elwha - Dungeness,Low Intensity,30.1131,0.1043965815805977,-0.0007082705406257078,-0.20429999999999993
2025,Elwha - Dungeness,Medium Intensity,17.6337,0.0611327960461655,0.0004524195083292007,0.1305000000000014
2025,Elwha - Dungeness,High Intensity,4.5666,0.0158315626569817,0.0,0.0
2025,Elwha - Dungeness,Forest,152.1135,0.5273495393121351,0.0011076477617715241,0.319500000000005
2025,Elwha - Dungeness,Agriculture,72.6669,0.2519227829103991,-0.0001872080724120151,-0.054000000000002046
2025,Kitsap,Open Space,124.4448,0.1187733375022655,-6.871866321589426e-05,-0.07200000000000273
2025,Kitsap,Low Intensity,113.3712,0.1082044070996687,-0.0002783105860240942,-0.2916000000000025
2025,Kitsap,Medium Intensity,31.8492,0.0303977006735288,0.000174373607910297,0.18270000000000053
2025,Kitsap,High Intensity,8.8623,0.0084584084585802,0.0004355045281304003,0.4562999999999988
2025,Kitsap,Forest,743.3838,0.7095047360043705,0.00023450243822398242,0.24569999999994252
2025,Kitsap,Agriculture,25.839,0.0246614102615861,-0.0004973513250246982,-0.5211000000000006
2025,Skokomish - Dosewallips,Open Space,4.0491,0.0185233981933613,-0.0005311221086783009,-0.11609999999999943
2025,Skokomish - Dosewallips,Low Intensity,3.4776,0.0159089599064566,-4.117225648669898e-05,-0.009000000000000341
2025,Skokomish - Dosewallips,Medium Intensity,0.5292,0.0024209286814173,0.0,0.0
2025,Skokomish - Dosewallips,High Intensity,0.0549,0.0002511507645688,0.0,0.0
2025,Skokomish - Dosewallips,Forest,201.2274,0.9205540138832848,0.0009963686069776045,0.21779999999998267
2025,Skokomish - Dosewallips,Agriculture,9.2556,0.0423415485709109,-0.00042407424181289954,-0.09270000000000067
2025,Kennedy - Goldsborough,Open Space,21.3066,0.0304856926886619,5.150915382098886e-06,0.0035999999999987153
2025,Kennedy - Goldsborough,Low Intensity,23.4063,0.0334899640852425,-0.00037086590750750464,-0.2591999999999999
2025,Kennedy - Goldsborough,Medium Intensity,5.8698,0.0083985675304322,-1.9315932682699086e-05,-0.013500000000000512
2025,Kennedy - Goldsborough,High Intensity,1.5606,0.0022329218181186,0.00026012122679359984,0.18179999999999996
2025,Kennedy - Goldsborough,Forest,624.3237,0.8932884860300737,0.00015710291915260743,0.10980000000006385
2025,Kennedy - Goldsborough,Agriculture,22.4379,0.032104367847471,-3.2193221137899464e-05,-0.022500000000000853
2025,Chambers - Clover,Open Space,34.7409,0.1662546300284262,0.0016452752175036833,0.34380000000000166
2025,Chambers - Clover,Low Intensity,65.10419999999999,0.3115599965543974,0.0028081660780429063,0.5867999999999967
2025,Chambers - Clover,Medium Intensity,64.3716,0.308054095960031,0.008170385046085027,1.7073000000000036
2025,Chambers - Clover,High Intensity,22.9536,0.1098458092858988,0.004332845206305391,0.9054000000000002
2025,Chambers - Clover,Forest,19.044,0.0911361874407787,-0.014583512791799397,-3.0473999999999997
2025,Chambers - Clover,Agriculture,2.7477,0.0131492807304677,-0.0023731587561375,-0.4958999999999998
2025,Deschutes,Open Space,43.0056,0.1318150220133073,-0.0006289516369293868,-0.20519999999999783
2025,Deschutes,Low Intensity,47.1897,0.1446395665750824,0.0027171814139274053,0.8865000000000052
2025,Deschutes,Medium Intensity,30.7269,0.0941799905105542,0.0034647511227337974,1.1304000000000016
2025,Deschutes,High Intensity,12.9447,0.0396763657629624,0.0011227338431151965,0.36629999999999896
2025,Deschutes,Forest,136.1403,0.4172790669447295,-0.005602634976331511,-1.8278999999999996
2025,Deschutes,Agriculture,56.25,0.172409988193364,-0.0010730797665154945,-0.35009999999999764
2025,Nisqually,Open Space,36.225,0.0444159495743793,-0.00025821943355040095,-0.21059999999999945
2025,Nisqually,Low Intensity,34.2243,0.0419628649556502,0.00019531982794199904,0.15930000000000177
2025,Nisqually,Medium Intensity,8.9946,0.0110283975166794,0.0003906396558839998,0.3186
2025,Nisqually,High Intensity,1.8954,0.0023239749019538,0.0004767128004008001,0.38880000000000003
2025,Nisqually,Forest,586.4318999999999,0.7190318757545193,6.841711487226565e-05,0.055799999999976535
2025,Nisqually,Agriculture,147.8142,0.1812369372968177,-0.0008728699655486949,-0.7119000000000142
2025,Snohomish,Open Space,120.9429,0.1022731596980688,-0.0002351701977713061,-0.2781000000000091
2025,Snohomish,Low Intensity,93.9942,0.07948448257229,0.000384339643606707,0.4545000000000101
2025,Snohomish,Medium Intensity,50.2029,0.042453167643625,0.0017892722814248987,2.1158999999999963
2025,Snohomish,High Intensity,23.1633,0.0195876225891249,0.0006012441949493005,0.7109999999999985
2025,Snohomish,Forest,740.9780999999999,0.6265946289866675,-0.0017968829674369635,-2.124900000000025
2025,Snohomish,Agriculture,153.2664,0.1296069385102234,-0.0007428029547726922,-0.8783999999999992
2025,Cedar - Sammamish,Open Space,103.9329,0.1574316559218356,0.0008084184581157172,0.5337000000000103
2025,Cedar - Sammamish,Low Intensity,202.7115,0.3070558708493574,0.000289013006948613,0.19079999999999586
2025,Cedar - Sammamish,Medium Intensity,160.245,0.2427300277697875,0.0019085764609813038,1.259999999999991
2025,Cedar - Sammamish,High Intensity,55.4526,0.0839964500477825,0.0004130704769123028,0.2726999999999933
2025,Cedar - Sammamish,Forest,130.6638,0.1979221055415517,-0.0034627030077802046,-2.2860000000000014
2025,Cedar - Sammamish,Agriculture,7.1721,0.0108638898696851,4.362460482250016e-05,0.02880000000000038
2025,Duwamish - Green,Open Space,42.9426,0.1287594416124479,-0.0006881346693040913,-0.2295000000000016
2025,Duwamish - Green,Low Intensity,80.1801,0.240412664916196,-0.0013222979919959854,-0.4410000000000025
2025,Duwamish - Green,Medium Intensity,68.4378,0.2052044569538032,0.0019510641800268014,0.6507000000000005
2025,Duwamish - Green,High Intensity,43.965,0.1318250141000143,0.0008662401131240005,0.28890000000000526
2025,Duwamish - Green,Forest,56.979,0.1708462977005508,-0.0010389484222826095,-0.3464999999999989
2025,Duwamish - Green,Agriculture,41.0058,0.1229521247169877,0.00023207679043199536,0.07739999999999725
2025,Puyallup - White,Open Space,60.4422,0.0549560976408107,0.00047871165192339693,0.5264999999999986
2025,Puyallup - White,Low Intensity,100.1286,0.0910403181591286,0.0004901679991488883,0.5391000000000048
2025,Puyallup - White,Medium Intensity,67.7403,0.0615917776159341,0.0018493817664051032,2.034000000000006
2025,Puyallup - White,High Intensity,40.8789,0.0371684819521615,0.000513080693599996,0.5643000000000029
2025,Puyallup - White,Forest,760.4253,0.6914044663387969,-0.0029369164423131977,-3.230099999999993
2025,Puyallup - White,Agriculture,70.2117,0.0638388582931679,-0.0003944256687642006,-0.43380000000000507
2035,Nooksack,Open Space,42.1371,0.0444892746439926,0.00022995801840799968,0.21779999999999688
2035,Nooksack,Low Intensity,49.779,0.0525577603229294,0.001658168355876198,1.5705000000000027
2035,Nooksack,Medium Intensity,26.6652,0.0281537031793121,0.0014899759209248999,1.4111999999999973
2035,Nooksack,High Intensity,18.5922,0.0196300526622866,0.0010367115623271007,0.9818999999999996
2035,Nooksack,Forest,304.9515,0.3219744841623542,-0.0032175117782216045,-3.047399999999982
2035,Nooksack,Agriculture,505.0044,0.5331947250291249,-0.0011973020793145661,-1.1340000000000146
2035,Upper Skagit,Open Space,3.6945,0.0449705308823207,-0.002421068775881302,-0.19890000000000008
2035,Upper Skagit,Low Intensity,2.565,0.0312219276527683,-0.0004491575557065003,-0.036900000000000155
2035,Upper Skagit,Medium Intensity,0.7353,0.0089502859271269,0.00010955062334309928,0.009000000000000008
2035,Upper Skagit,High Intensity,0.0711,0.00086544992441,0.0,0.0
2035,Upper Skagit,Forest,55.3086,0.6732324006923599,0.0009750005477531243,0.08010000000000161
2035,Upper Skagit,Agriculture,19.7793,0.2407594049210139,0.0017856751604915788,0.14669999999999916
2035,San Juan,Open Space,8.0685,0.0245367037887517,-0.001004458481926599,-0.33029999999999937
2035,San Juan,Low Intensity,11.9655,0.03638767170903,-0.0011166731897166993,-0.3672000000000004
2035,San Juan,Medium Intensity,2.2428,0.006820464678368,0.00013411026052970003,0.044099999999999806
2035,San Juan,High Intensity,0.3312,0.001007195426019,2.736944092500068e-06,0.0009000000000000119
2035,San Juan,Forest,237.6981,0.7228515673110345,0.002077340566164154,0.6831000000000245
2035,San Juan,Agriculture,68.5278,0.2083963970867967,-9.305609914300739e-05,-0.030599999999992633
2035,Lower Skagit - Samish,Open Space,26.739,0.0407327228680443,0.0005031608647786054,0.33030000000000115
2035,Lower Skagit - Samish,Low Intensity,31.6431,0.0482033592500024,-8.226063184389731e-05,-0.053999999999998494
2035,Lower Skagit - Samish,Medium Intensity,19.4481,0.0296261665585853,0.0013710105307318983,0.8999999999999986
2035,Lower Skagit - Samish,High Intensity,13.5549,0.0206487896033529,0.0004908217700019986,0.3222000000000005
2035,Lower Skagit - Samish,Forest,207.5859,0.3162249499238403,-0.0016904559843923805,-1.1097000000000037
2035,Lower Skagit - Samish,Agriculture,357.4791,0.5445640117961746,-0.0005922765492760718,-0.38880000000000337
2035,Lyre - Hoko,Open Space,1.1574,0.0024635071453201,-0.0002930922186888999,-0.13769999999999993
2035,Lyre - Hoko,Low Intensity,1.134,0.0024137006244971,-0.00014367265622010003,-0.06750000000000012
2035,Lyre - Hoko,Medium Intensity,0.5229,0.0011129841768514,-0.00027968277077509984,-0.13139999999999996
2035,Lyre - Hoko,High Intensity,0.1701,0.0003620550936745,0.00031607984368407815,0.1485
2035,Lyre - Hoko,Forest,460.8864,0.9809892341289606,0.0006168346040381634,0.289799999999957
2035,Lyre - Hoko,Agriculture,5.9472,0.0126585188306961,-0.00021646680203819997,-0.10170000000000012
2035,Stillaguamish,Open Space,25.2135,0.0413737594517958,-0.0008609995274102,-0.5246999999999993
2035,Stillaguamish,Low Intensity,17.3853,0.0285281781663516,-0.000298322306238101,-0.18179999999999907
2035,Stillaguamish,Medium Intensity,6.0102,0.0098623582230623,0.0010825259924385003,0.6597
2035,Stillaguamish,High Intensity,1.6749,0.0027484050094517,0.00017869801512279985,0.1089
2035,Stillaguamish,Forest,440.3043,0.7225115193761815,0.002432360586011373,1.4823000000000093
2035,Stillaguamish,Agriculture,118.8198,0.1949757797731569,-0.0025342627599242995,-1.544399999999996
2035,Island,Open Space,19.4022,0.0484319923436204,-0.0017029154001513974,-0.6821999999999981
2035,Island,Low Intensity,33.0876,0.0825936434975815,-0.0007054293346274026,-0.2825999999999951
2035,Island,Medium Intensity,13.4217,0.0335034002143247,0.0015681199858915001,0.6281999999999996
2035,Island,High Intensity,3.0366,0.0075799954618877,0.00024263174566799967,0.09719999999999995
2035,Island,Forest,268.416,0.6700230724817409,0.00027633059923304337,0.11070000000000846
2035,Island,Agriculture,63.243,0.1578678960008447,0.0003212624039863887,0.12870000000000203
2035,Quilcene - Snow,Open Space,11.1924,0.0461517336589239,-0.0018518587243328971,-0.4491000000000014
2035,Quilcene - Snow,Low Intensity,14.5296,0.0599126397708,-0.0014436333542394014,-0.3500999999999994
2035,Quilcene - Snow,Medium Intensity,5.337,0.0220070585877628,-0.000289468898793499,-0.07019999999999982
2035,Quilcene - Snow,High Intensity,1.9719,0.008131107144315,0.0006531605921493997,0.1584000000000001
2035,Quilcene - Snow,Forest,176.0094,0.7257727520698882,0.004490479071027509,1.0889999999999986
2035,Quilcene - Snow,Agriculture,33.4728,0.1380247087683098,-0.0015586786858111934,-0.3780000000000001
2035,Elwha - Dungeness,Open Space,11.079,0.0384088561898789,-0.0016224699609046975,-0.46799999999999997
2035,Elwha - Dungeness,Low Intensity,30.5892,0.1060471327523642,0.0009422806311407961,0.2718000000000025
2035,Elwha - Dungeness,Medium Intensity,17.9478,0.0622217230006958,0.0015413464628594997,0.4446000000000012
2035,Elwha - Dungeness,High Intensity,4.7556,0.016486790910424,0.0006552282534423026,0.18900000000000006
2035,Elwha - Dungeness,Forest,151.7733,0.526170128455939,-7.176309442458173e-05,-0.020699999999976626
2035,Elwha - Dungeness,Agriculture,72.3042,0.2506653686906979,-0.001444622292113229,-0.41670000000000584
2035,Kitsap,Open Space,124.4754,0.1188025429341323,-3.9513231349097566e-05,-0.041400000000010095
2035,Kitsap,Low Intensity,113.4621,0.1082911644119787,-0.00019155327371410402,-0.20069999999999766
2035,Kitsap,Medium Intensity,32.0112,0.0305523176657644,0.0003289906001458995,0.3447000000000031
2035,Kitsap,High Intensity,9.5472,0.0091120947424209,0.0010891908119711,1.1411999999999995
2035,Kitsap,Forest,743.5764,0.709688558428473,0.00041832486232651345,0.43830000000002656
2035,Kitsap,Agriculture,24.678,0.0235533218172306,-0.0016054397693801986,-1.6820999999999984
2035,Skokomish - Dosewallips,Open Space,3.9159,0.0179140487973583,-0.0011404715046813008,-0.2492999999999994
2035,Skokomish - Dosewallips,Low Intensity,3.4119,0.0156084024341038,-0.00034172972883949986,-0.07469999999999999
2035,Skokomish - Dosewallips,Medium Intensity,0.5229,0.0023921081018766,-2.8820579540699866e-05,-0.006299999999999972
2035,Skokomish - Dosewallips,High Intensity,0.0549,0.0002511507645688,0.0,0.0
2035,Skokomish - Dosewallips,Forest,201.2841,0.920813399099151,0.0012557538228438192,0.2744999999999891
2035,Skokomish - Dosewallips,Agriculture,9.4041,0.0430208908029413,0.00025526799021750174,0.05579999999999963
2035,Kennedy - Goldsborough,Open Space,21.0555,0.0301264163407639,-0.00035412543251590184,-0.24750000000000227
2035,Kennedy - Goldsborough,Low Intensity,22.8213,0.0326529403356594,-0.0012078896570906009,-0.8442000000000007
2035,Kennedy - Goldsborough,Medium Intensity,5.8869,0.0084230343784969,5.150915382000007e-06,0.0035999999999996035
2035,Kennedy - Goldsborough,High Intensity,2.0952,0.002997832752353,0.001025032161028,0.7164000000000001
2035,Kennedy - Goldsborough,Forest,625.0797,0.8943701782603041,0.0012387951493829652,0.8658000000000357
2035,Kennedy - Goldsborough,Agriculture,21.9663,0.0314295979324225,-0.0007069631361864004,-0.49409999999999954
2035,Chambers - Clover,Open Space,33.6429,0.1610000861400637,-0.0036092686708588118,-0.7542000000000044
2035,Chambers - Clover,Low Intensity,65.0655,0.3113747954173486,0.002622964940994066,0.5481000000000051
2035,Chambers - Clover,Medium Intensity,67.1994,0.321586699974158,0.021702989060212008,4.5351
2035,Chambers - Clover,High Intensity,24.3306,0.1164355241622878,0.010922560082694405,2.282399999999999
2035,Chambers - Clover,Forest,16.0569,0.0768412438625204,-0.02887845637005769,-6.034500000000001
2035,Chambers - Clover,Agriculture,2.6667,0.0127616504436213,-0.002760789042983899,-0.5768999999999997
2035,Deschutes,Open Space,43.3962,0.133012236971322,0.0005682633210853105,0.18540000000000134
2035,Deschutes,Low Intensity,48.8475,0.1497208337471172,0.007798448585962209,2.5443
2035,Deschutes,Medium Intensity,33.8553,0.1037687444139163,0.013053505026095896,4.258800000000001
2035,Deschutes,High Intensity,14.0445,0.0430473258521191,0.0044936939322718986,1.466099999999999
2035,Deschutes,Forest,130.8492,0.4010614938153088,-0.021820208105752192,-7.119
2035,Deschutes,Agriculture,55.2645,0.1693893652002162,-0.004093702759663309,-1.3355999999999995
2035,Nisqually,Open Space,35.8632,0.0439723418295619,-0.0007018271783677948,-0.5724000000000018
2035,Nisqually,Low Intensity,34.1541,0.0418767918111334,0.00010924668342519872,0.08910000000000196
2035,Nisqually,Medium Intensity,10.2618,0.0125821281253931,0.0019443702645977005,1.585799999999999
2035,Nisqually,High Intensity,2.7288,0.0033458176176277,0.0014985555160746998,1.2222000000000002
2035,Nisqually,Forest,586.7676,0.7194434819456063,0.0004800233059591985,0.3915000000000646
2035,Nisqually,Agriculture,145.8099,0.1787794386706775,-0.0033303685916888925,-2.716200000000015
2035,Snohomish,Open Space,119.7036,0.1012251682342142,-0.0012831616616259117,-1.5174000000000092
2035,Snohomish,Low Intensity,95.8383,0.0810439121361521,0.001943769207468804,2.2986000000000075
2035,Snohomish,Medium Intensity,55.2249,0.0466999304383298,0.006036035076129695,7.137899999999995
2035,Snohomish,High Intensity,25.7562,0.0217802612291866,0.002793882835010999,3.3038999999999987
2035,Snohomish,Forest,734.7986999999999,0.6213691319708176,-0.007022379983286919,-8.304300000000012
2035,Snohomish,Agriculture,151.2261,0.1278815959912994,-0.002468145473696698,-2.918700000000001
2035,Cedar - Sammamish,Open Space,105.0282,0.1590907541739885,0.002467516710268597,1.6290000000000049
2035,Cedar - Sammamish,Low Intensity,203.4738,0.308210559608251,0.001443701765842187,0.9531000000000063
2035,Cedar - Sammamish,Medium Intensity,165.40019999999998,0.250538832033002,0.009717380724195784,6.41519999999997
2035,Cedar - Sammamish,High Intensity,56.3643,0.0853774414441925,0.001794061873322303,1.1843999999999966
2035,Cedar - Sammamish,Forest,122.6574,0.1857944654009169,-0.015590343148415009,-10.292400000000015
2035,Cedar - Sammamish,Agriculture,7.254,0.0109879473396489,0.000167682074786301,0.11069999999999958
2035,Duwamish - Green,Open Space,43.6374,0.1308427355916744,0.0013951593099224002,0.46529999999999916
2035,Duwamish - Green,Low Intensity,80.1612,0.2403559950022533,-0.001378967905938694,-0.45990000000000464
2035,Duwamish - Green,Medium Intensity,69.3108,0.2078220672644893,0.004568674490712882,1.5237000000000052
2035,Duwamish - Green,High Intensity,44.3412,0.1329530152442068,0.001994241257316509,0.6651000000000025
2035,Duwamish - Green,Forest,55.7577,0.1671843418329209,-0.004700904289912489,-1.5677999999999983
2035,Duwamish - Green,Agriculture,40.302,0.1208418450644552,-0.0018782028621005115,-0.6264000000000038
2035,Puyallup - White,Open Space,61.8183,0.0562072944199405,0.0017299084310531954,1.9025999999999996
2035,Puyallup - White,Low Intensity,101.8431,0.0925991996923152,0.0020490495323354924,2.253600000000006
2035,Puyallup - White,Medium Intensity,72.9009,0.0662839701152999,0.006541574265770907,7.194599999999994
2035,Puyallup - White,High Intensity,42.1875,0.0383583054425832,0.0017029041840216988,1.8729000000000013
2035,Puyallup - White,Forest,752.5251,0.684221336628397,-0.010120046152713114,-11.130300000000034
2035,Puyallup - White,Agriculture,68.5521,0.0623298937014639,-0.0019033902604682074,-2.0934000000000026
2045,Nooksack,Open Space,42.3342,0.0446973771482545,0.0004380605226699044,0.41490000000000293
2045,Nooksack,Low Intensity,50.8212,0.0536581379482043,0.002758545981151099,2.6126999999999967
2045,Nooksack,Medium Intensity,28.9494,0.0305654116533601,0.0039016843949729006,3.6953999999999994
2045,Nooksack,High Intensity,19.3122,0.0203902444586769,0.001796903358717402,1.701900000000002
2045,Nooksack,Forest,302.8536,0.3197594753156221,-0.005432520624953696,-5.14530000000002
2045,Nooksack,Agriculture,502.8588,0.530929353475882,-0.003462673632557478,-3.2796000000000163
2045,Upper Skagit,Open Space,3.6837,0.044839070134309,-0.0025525295238929963,-0.20970000000000022
2045,Upper Skagit,Low Intensity,2.6334,0.0320545123901754,0.0003834271817005977,0.03149999999999986
2045,Upper Skagit,Medium Intensity,0.7371,0.0089721960517955,0.00013146074801169937,0.010800000000000032
2045,Upper Skagit,High Intensity,0.0711,0.00086544992441,0.0,0.0
2045,Upper Skagit,Forest,55.4031,0.6743826822374619,0.0021252820928551186,0.1746000000000052
2045,Upper Skagit,Agriculture,19.6254,0.2388860892618478,-8.764049867451829e-05,-0.007200000000000983
2045,San Juan,Open Space,8.0559,0.0244983865714575,-0.0010427756992207986,-0.3429000000000002
2045,San Juan,Low Intensity,11.9214,0.0362535614485002,-0.0012507834502464982,-0.41130000000000067
2045,San Juan,Medium Intensity,2.2401,0.0068122538460906,0.00012589942825230044,0.04139999999999988
2045,San Juan,High Intensity,0.3312,0.001007195426019,2.736944092500068e-06,0.0009000000000000119
2045,San Juan,Forest,238.2336,0.7244800490460381,0.0037058223011677827,1.2186000000000092
2045,San Juan,Agriculture,68.0517,0.2069485536618943,-0.0015408995240454026,-0.506699999999995
2045,Lower Skagit - Samish,Open Space,26.829,0.0408698239211175,0.0006402619178518046,0.420300000000001
2045,Lower Skagit - Samish,Low Intensity,31.7043,0.0482965879660921,1.0968084245797927e-05,0.007200000000000983
2045,Lower Skagit - Samish,Medium Intensity,19.9737,0.0304268367085327,0.0021716806806793,1.4255999999999993
2045,Lower Skagit - Samish,High Intensity,14.0562,0.0214124424689706,0.0012544746356196977,0.823500000000001
2045,Lower Skagit - Samish,Forest,206.4915,0.3145578011184703,-0.0033576047897623806,-2.204100000000011
2045,Lower Skagit - Samish,Agriculture,357.3954,0.5444365078168165,-0.0007197805286341952,-0.472500000000025
2045,Lyre - Hoko,Open Space,1.0638,0.0022642810620282,-0.0004923183019808,-0.23129999999999984
2045,Lyre - Hoko,Low Intensity,1.1205,0.0023849660932531,-0.00017240718746409965,-0.08099999999999996
2045,Lyre - Hoko,Medium Intensity,0.315,0.0006704723956936,-0.0007221945519328999,-0.3393
2045,Lyre - Hoko,High Intensity,0.3807,0.0008103137810811,0.0007643385310906782,0.3591
2045,Lyre - Hoko,Forest,461.1042,0.9814528178996972,0.0010804183747747942,0.5075999999999681
2045,Lyre - Hoko,Agriculture,5.8338,0.0124171487682464,-0.00045783686448789933,-0.21509999999999962
2045,Stillaguamish,Open Space,24.5736,0.0403237240075614,-0.001911034971644597,-1.1646
2045,Stillaguamish,Low Intensity,17.2746,0.0283465264650283,-0.0004799740075614005,-0.2925000000000004
2045,Stillaguamish,Medium Intensity,6.7734,0.0111147211720226,0.002334888941398801,1.4228999999999994
2045,Stillaguamish,High Intensity,1.9539,0.0032062263705103,0.0006365193761813997,0.3878999999999999
2045,Stillaguamish,Forest,440.8803,0.7234566989603024,0.003377540170132254,2.0582999999999743
2045,Stillaguamish,Agriculture,117.9522,0.1935521030245746,-0.003957939508506592,-2.411999999999992
2045,Island,Open Space,19.1952,0.0479152765889571,-0.0022196311548147024,-0.8891999999999989
2045,Island,Low Intensity,33.0048,0.0823869571957161,-0.000912115636492794,-0.36539999999999395
2045,Island,Medium Intensity,14.6358,0.0365340504449372,0.004598770216503997,1.8422999999999998
2045,Island,High Intensity,3.1239,0.0077979147149413,0.0004605509987215999,0.1844999999999999
2045,Island,Forest,267.6474,0.6681044844187735,-0.0016422574637343645,-0.6578999999999837
2045,Island,Agriculture,63.0,0.1572613166366747,-0.00028531696018360697,-0.11430000000000007
2045,Quilcene - Snow,Open Space,10.8639,0.0447971676581595,-0.003206424725097301,-0.7776000000000014
2045,Quilcene - Snow,Low Intensity,14.3487,0.0591667006854475,-0.0021895724395918983,-0.5310000000000006
2045,Quilcene - Snow,Medium Intensity,5.4153,0.0223299277441094,3.340025755309978e-05,0.008100000000000662
2045,Quilcene - Snow,High Intensity,2.3337,0.00962298531502,0.0021450387628544005,0.5202
2045,Quilcene - Snow,Forest,176.24429999999998,0.7267413595389279,0.005459086540067215,1.3238999999999805
2045,Quilcene - Snow,Agriculture,33.3072,0.1373418590583354,-0.0022415283957855914,-0.5435999999999979
2045,Elwha - Dungeness,Open Space,10.6299,0.0368519090543184,-0.0031794170964652008,-0.9171000000000014
2045,Elwha - Dungeness,Low Intensity,30.3219,0.1051204527939244,1.5600672700996632e-05,0.0045000000000001705
2045,Elwha - Dungeness,Medium Intensity,19.0728,0.0661218911759475,0.005441514638111197,1.5696000000000012
2045,Elwha - Dungeness,High Intensity,4.905,0.0170047332440974,0.001173170587115701,0.33840000000000003
2045,Elwha - Dungeness,Forest,151.7427,0.5260640438815721,-0.0001778476687914754,-0.05129999999996926
2045,Elwha - Dungeness,Agriculture,71.7768,0.2488369698501399,-0.003273021132671222,-0.9441000000000059
2045,Kitsap,Open Space,124.7454,0.1190602379211917,0.00021818175571031162,0.22860000000000014
2045,Kitsap,Low Intensity,114.8319,0.1095985369796601,0.001115819293967299,1.1691000000000003
2045,Kitsap,Medium Intensity,32.9022,0.0314027111230605,0.0011793840574419977,1.2357000000000014
2045,Kitsap,High Intensity,10.4517,0.00997537294907,0.0019524690186201992,2.0457
2045,Kitsap,Forest,740.6324999999999,0.706878824086235,-0.002391409479911455,-2.505600000000072
2045,Kitsap,Agriculture,24.1866,0.0230843169407825,-0.0020744446458282988,-2.1735000000000007
2045,Skokomish - Dosewallips,Open Space,3.8511,0.0176176085506542,-0.0014369117513854009,-0.3140999999999994
2045,Skokomish - Dosewallips,Low Intensity,3.3507,0.0153284310899943,-0.0006217010729489998,-0.13590000000000035
2045,Skokomish - Dosewallips,Medium Intensity,0.4959,0.0022685913324165,-0.00015233734900079983,-0.033299999999999996
2045,Skokomish - Dosewallips,High Intensity,0.0549,0.0002511507645688,0.0,0.0
2045,Skokomish - Dosewallips,Forest,201.6585,0.9225261649689972,0.0029685196926899637,0.6488999999999976
2045,Skokomish - Dosewallips,Agriculture,9.1827,0.0420080532933688,-0.000757569519355003,-0.16559999999999953
2045,Kennedy - Goldsborough,Open Space,20.826,0.0297980454851582,-0.0006824962881216007,-0.4770000000000003
2045,Kennedy - Goldsborough,Low Intensity,22.9419,0.032825496000958,-0.001035333991792002,-0.7236000000000011
2045,Kennedy - Goldsborough,Medium Intensity,6.462899999999999,0.0092471808396249,0.0008292973765099999,0.5795999999999992
2045,Kennedy - Goldsborough,High Intensity,2.2905,0.0032772699118292,0.0013044693205042,0.9117000000000002
2045,Kennedy - Goldsborough,Forest,624.2229,0.8931442603993762,1.2877288455115377e-05,0.009000000000014552
2045,Kennedy - Goldsborough,Agriculture,22.1607,0.0317077473630532,-0.0004288137055556973,-0.2997000000000014
2045,Chambers - Clover,Open Space,33.1542,0.1586613834094237,-0.005947971401498803,-1.2428999999999988
2045,Chambers - Clover,Low Intensity,65.31569999999999,0.3125721423033852,0.003820311827030687,0.7982999999999976
2045,Chambers - Clover,Medium Intensity,68.9643,0.3300327332242225,0.030149022310276496,6.299999999999997
2045,Chambers - Clover,High Intensity,25.0578,0.1199155827375312,0.014402618657937794,3.009599999999999
2045,Chambers - Clover,Forest,13.8636,0.066345077095357,-0.03937462313722109,-8.2278
2045,Chambers - Clover,Agriculture,2.6064,0.0124730812300801,-0.0030493582565251,-0.6372
2045,Deschutes,Open Space,43.9497,0.1347087512551447,0.002264777604908008,0.738900000000001
2045,Deschutes,Low Intensity,50.0319,0.1533510984585167,0.011428713297361698,3.7287000000000035
2045,Deschutes,Medium Intensity,36.6606,0.1123671753450958,0.021651935957275395,7.064100000000003
2045,Deschutes,High Intensity,14.1543,0.0433838701490725,0.004830238229225299,1.575899999999999
2045,Deschutes,Forest,126.8433,0.3887831440961303,-0.03409855782493071,-11.124899999999997
2045,Deschutes,Agriculture,54.6174,0.1674059606960398,-0.006077107263839698,-1.9826999999999941
2045,Nisqually,Open Space,35.1351,0.0430796088306632,-0.001594560177266495,-1.3004999999999995
2045,Nisqually,Low Intensity,34.1226,0.0418381692462861,7.06241185778958e-05,0.05760000000000076
2045,Nisqually,Medium Intensity,11.3904,0.0139659194487787,0.0033281615879833006,2.7143999999999995
2045,Nisqually,High Intensity,3.7953,0.0046534673131716,0.0028062052116186002,2.2887000000000004
2045,Nisqually,Forest,586.3932,0.71898442517485,2.0966535202893155e-05,0.01710000000002765
2045,Nisqually,Agriculture,144.7488,0.1774784099862503,-0.004631397276116084,-3.777300000000025
2045,Snohomish,Open Space,119.1717,0.1007753766909041,-0.001732953204936008,-2.0493000000000023
2045,Snohomish,Low Intensity,96.75,0.0818148746291693,0.0027147317004860005,3.2103000000000037
2045,Snohomish,Medium Intensity,60.1155,0.0508355772172592,0.010171681855059095,12.028499999999994
2045,Snohomish,High Intensity,27.9441,0.0236304189987077,0.0046440406045321,5.491799999999998
2045,Snohomish,Forest,729.8361,0.617172599703792,-0.011218912250312463,-13.266899999999964
2045,Snohomish,Agriculture,148.7304,0.1257711527601674,-0.00457858870482869,-5.4144000000000005
2045,Cedar - Sammamish,Open Space,105.4674,0.1597560293975305,0.003132791933810608,2.0682000000000045
2045,Cedar - Sammamish,Low Intensity,204.1452,0.3092275582081739,0.0024607003657650672,1.6244999999999834
2045,Cedar - Sammamish,Medium Intensity,169.0272,0.2560328057028264,0.015211354394020188,10.04219999999998
2045,Cedar - Sammamish,High Intensity,57.5082,0.0871101562169833,0.003526776646113103,2.3282999999999987
2045,Cedar - Sammamish,Forest,116.8488,0.1769959279157936,-0.024388880633538307,-16.101000000000013
2045,Cedar - Sammamish,Agriculture,7.1811,0.0108775225586921,5.7257293829500455e-05,0.037799999999999834
2045,Duwamish - Green,Open Space,43.7004,0.1310316353048166,0.0015840590230646046,0.5283000000000015
2045,Duwamish - Green,Low Intensity,80.1009,0.2401751909911028,-0.0015597719170891977,-0.5202000000000027
2045,Duwamish - Green,Medium Intensity,70.2486,0.2106339744229788,0.0073805816492023835,2.461500000000001
2045,Duwamish - Green,High Intensity,44.9442,0.1347610553557116,0.0038022813688212975,1.268100000000004
2045,Duwamish - Green,Forest,54.2727,0.162731705737424,-0.009153540385409414,-3.0527999999999977
2045,Duwamish - Green,Agriculture,40.2435,0.120666438187966,-0.002053609738589701,-0.6849000000000061
2045,Puyallup - White,Open Space,63.1872,0.0574519447149415,0.002974558726054198,3.271499999999996
2045,Puyallup - White,Low Intensity,102.9807,0.0936335441846763,0.003083394024696595,3.3911999999999978
2045,Puyallup - White,Medium Intensity,76.8798,0.0699017209070153,0.010159325057486297,11.173500000000004
2045,Puyallup - White,High Intensity,44.1459,0.0401389491256352,0.003483547867073694,3.831299999999999
2045,Puyallup - White,Forest,745.6985999999999,0.6780144513637144,-0.016326931417395718,-17.956800000000044
2045,Puyallup - White,Agriculture,66.9348,0.060859389704017,-0.0033738942579151082,-3.7107000000000028
2055,Nooksack,Open Space,42.2586,0.0446175570096335,0.0003582403840488996,0.3393000000000015
2055,Nooksack,Low Intensity,52.0587,0.05496471759825,0.004065125631196799,3.850200000000001
2055,Nooksack,Medium Intensity,31.1292,0.0328668923169315,0.006203165058544298,5.8751999999999995
2055,Nooksack,High Intensity,21.7557,0.0229701453676762,0.004376804267716701,4.145400000000002
2055,Nooksack,Forest,300.1914,0.3169486661484693,-0.008243329792106513,-7.8075000000000045
2055,Nooksack,Agriculture,499.7358,0.5276320215590393,-0.00676000554940015,-6.402600000000007
2055,Upper Skagit,Open Space,3.6306,0.044192721456585,-0.003198878201616996,-0.26280000000000037
2055,Upper Skagit,Low Intensity,2.6082,0.0317477706448149,7.668543634009595e-05,0.006299999999999972
2055,Upper Skagit,Medium Intensity,0.8001,0.0097390504151968,0.0008983151114129988,0.07380000000000009
2055,Upper Skagit,High Intensity,0.0873,0.0010626410464275,0.00019719112201750015,0.016200000000000006
2055,Upper Skagit,Forest,55.3824,0.6741307158037728,0.0018733156591660416,0.15390000000000015
2055,Upper Skagit,Agriculture,19.6452,0.2391271006332025,0.0001533708726801919,0.012599999999999056
2055,San Juan,Open Space,7.754399999999999,0.023581510300489,-0.0019596519701892967,-0.644400000000001
2055,San Juan,Low Intensity,11.763,0.0357718592882303,-0.0017324856105164002,-0.569700000000001
2055,San Juan,Medium Intensity,2.3364,0.007105106863982,0.0004187524461436998,0.1376999999999997
2055,San Juan,High Intensity,0.3393,0.001031827922851,2.7369440924499997e-05,0.009000000000000008
2055,San Juan,Forest,238.7736,0.726122215501504,0.00534798875663367,1.7586000000000013
2055,San Juan,Agriculture,67.8672,0.2063874801229435,-0.0021019730629961986,-0.6911999999999949
2055,Lower Skagit - Samish,Open Space,27.0441,0.0411974954379624,0.0009679334346967064,0.6354000000000006
2055,Lower Skagit - Samish,Low Intensity,32.1912,0.0490383046632181,0.0007526847813718041,0.4941000000000031
2055,Lower Skagit - Samish,Medium Intensity,21.456,0.0326848910526481,0.004429735024794702,2.907899999999998
2055,Lower Skagit - Samish,High Intensity,14.4927,0.0220773825763755,0.001919414743024598,1.2599999999999998
2055,Lower Skagit - Samish,Forest,205.2243,0.3126274182911999,-0.005287987617032808,-3.4713000000000136
2055,Lower Skagit - Samish,Agriculture,356.0418,0.5423745079785958,-0.002781780366854947,-1.8260999999999967
2055,Lyre - Hoko,Open Space,1.0008,0.0021301865828895,-0.0006264127811194996,-0.2943
2055,Lyre - Hoko,Low Intensity,1.1529,0.0024539289682387,-0.00010344431247849995,-0.04859999999999998
2055,Lyre - Hoko,Medium Intensity,0.2907,0.0006187502394544,-0.0007739167081720999,-0.3636
2055,Lyre - Hoko,High Intensity,0.4004999999999999,0.000852457760239,0.0008064825102485783,0.3788999999999999
2055,Lyre - Hoko,Forest,461.2023,0.9816616221600704,0.0012892226351479685,0.6056999999999562
2055,Lyre - Hoko,Agriculture,5.7708,0.0122830542891076,-0.0005919313436266987,-0.27809999999999935
2055,Stillaguamish,Open Space,24.6087,0.0403813208884688,-0.0018534380907372014,-1.1295000000000002
2055,Stillaguamish,Low Intensity,17.0316,0.0279477788279773,-0.0008787216446124006,-0.535499999999999
2055,Stillaguamish,Medium Intensity,7.8795,0.012929761342155,0.004149929111531201,2.529
2055,Stillaguamish,High Intensity,2.0196,0.0033140359168241,0.0007443289224951999,0.4536
2055,Stillaguamish,Forest,440.9352,0.7235467863894139,0.0034676275992437944,2.113200000000006
2055,Stillaguamish,Agriculture,116.9334,0.1918803166351606,-0.005629725897920573,-3.4307999999999907
2055,Island,Open Space,18.54,0.0462797588959356,-0.0038551488478361998,-1.5443999999999996
2055,Island,Low Intensity,32.8194,0.0819241596067568,-0.0013749132254521068,-0.5507999999999953
2055,Island,Medium Intensity,16.038,0.040034238035222,0.0080989578067888,3.2445000000000004
2055,Island,High Intensity,3.4461,0.0086021940200261,0.001264830303806399,0.5066999999999999
2055,Island,Forest,266.6592,0.6656377283378153,-0.004109013544692508,-1.64609999999999
2055,Island,Agriculture,63.1044,0.157521921104244,-2.4712492614292758e-05,-0.009900000000001796
2055,Quilcene - Snow,Open Space,10.719,0.0441996741619318,-0.0038039182213249964,-0.9225000000000012
2055,Quilcene - Snow,Low Intensity,14.2416,0.058725075057801,-0.0026311980672383967,-0.6380999999999997
2055,Quilcene - Snow,Medium Intensity,5.5494,0.0228828875635996,0.0005863600770432999,0.14220000000000077
2055,Quilcene - Snow,High Intensity,2.6334,0.0108587948444846,0.0033808482923190003,0.8199000000000001
2055,Quilcene - Snow,Forest,176.3352,0.7271161846514683,0.005833911652607604,1.4147999999999854
2055,Quilcene - Snow,Agriculture,33.0345,0.1362173837207144,-0.0033660037334065918,-0.8162999999999982
2055,Elwha - Dungeness,Open Space,10.4346,0.0361748398590947,-0.0038564862916889014,-1.112400000000001
2055,Elwha - Dungeness,Low Intensity,30.0141,0.1040533667811756,-0.0010514853400478003,-0.3033000000000001
2055,Elwha - Dungeness,Medium Intensity,19.395,0.0672388993413396,0.006558522803503303,1.8918
2055,Elwha - Dungeness,High Intensity,5.4342,0.0188393723537358,0.0030078096967541025,0.8675999999999995
2055,Elwha - Dungeness,Forest,152.0793,0.5272309741996075,0.0009890826492439109,0.28530000000000655
2055,Elwha - Dungeness,Agriculture,71.0919,0.2464625474650467,-0.005647443517764417,-1.6290000000000049
2055,Kitsap,Open Space,125.2503,0.1195421275469928,0.0007000713815114024,0.7334999999999923
2055,Kitsap,Low Intensity,115.7445,0.1104695460359209,0.0019868283502281064,2.081699999999998
2055,Kitsap,Medium Intensity,35.5662,0.0339453016620467,0.003721974596428198,3.899700000000003
2055,Kitsap,High Intensity,11.1069,0.0106007127843342,0.0025778088538844,2.700899999999999
2055,Kitsap,Forest,736.3971,0.7028364487225631,-0.006433784843583368,-6.7409999999999854
2055,Kitsap,Agriculture,23.6853,0.0226058632481422,-0.0025528983384685983,-2.6747999999999976
2055,Skokomish - Dosewallips,Open Space,3.8133,0.0174446850734101,-0.0016098352286295012,-0.35189999999999966
2055,Skokomish - Dosewallips,Low Intensity,3.2823,0.0150155219406954,-0.0009346102222478996,-0.20429999999999993
2055,Skokomish - Dosewallips,Medium Intensity,0.4941,0.0022603568811192,-0.0001605718002980999,-0.03510000000000002
2055,Skokomish - Dosewallips,High Intensity,0.0549,0.0002511507645688,0.0,0.0
2055,Skokomish - Dosewallips,Forest,201.7665,0.9230202320468376,0.0034625867705303515,0.7569000000000017
2055,Skokomish - Dosewallips,Agriculture,9.1827,0.0420080532933688,-0.000757569519355003,-0.16559999999999953
2055,Kennedy - Goldsborough,Open Space,20.466,0.0292829539469533,-0.0011975878263265002,-0.8369999999999997
2055,Kennedy - Goldsborough,Low Intensity,22.8897,0.0327508077279183,-0.0011100222648317004,-0.7758000000000003
2055,Kennedy - Goldsborough,Medium Intensity,6.781499999999999,0.0097030368509363,0.0012851533878214007,0.8981999999999992
2055,Kennedy - Goldsborough,High Intensity,2.4588,0.00351807520594,0.001545274614615,1.08
2055,Kennedy - Goldsborough,Forest,623.8161,0.8925622069612046,-0.0005691761497165215,-0.3977999999999611
2055,Kennedy - Goldsborough,Agriculture,22.4928,0.0321829193070473,4.6358238438404253e-05,0.032399999999999096
2055,Chambers - Clover,Open Space,32.4405,0.1552459298819881,-0.00936342492893441,-1.9566000000000017
2055,Chambers - Clover,Low Intensity,65.7792,0.3147902489447842,0.006038418468429674,1.261800000000008
2055,Chambers - Clover,Medium Intensity,70.6653,0.3381729692479973,0.03828925833405128,8.001000000000005
2055,Chambers - Clover,High Intensity,26.0181,0.1245111551382548,0.018998191058661393,3.969899999999999
2055,Chambers - Clover,Forest,11.4561,0.0548238435696442,-0.0508958566629339,-10.6353
2055,Chambers - Clover,Agriculture,2.6028,0.0124558532173313,-0.0030665862692738997,-0.6408
2055,Deschutes,Open Space,44.6022,0.1367087071181877,0.004264733467951004,1.3914000000000044
2055,Deschutes,Low Intensity,50.454,0.1546448630099197,0.012722477848764707,4.150800000000004
2055,Deschutes,Medium Intensity,38.5542,0.1181711851876372,0.02745594579981679,8.957700000000003
2055,Deschutes,High Intensity,14.9589,0.0458500226201904,0.0072963907003432,2.3804999999999996
2055,Deschutes,Forest,123.3729,0.3781461374645525,-0.0447355644565085,-14.595299999999995
2055,Deschutes,Agriculture,54.315,0.1664790845995122,-0.007003983360367311,-2.2851
2055,Nisqually,Open Space,34.6887,0.0425322719116845,-0.002141897096245196,-1.7469000000000037
2055,Nisqually,Low Intensity,34.3764,0.04214935676877,0.00038181164106179666,0.311399999999999
2055,Nisqually,Medium Intensity,12.1968,0.0149546571088692,0.0043168992480738,3.5207999999999995
2055,Nisqually,High Intensity,4.257,0.0052195637636475,0.0033723016620945,2.7504
2055,Nisqually,Forest,586.692,0.7193507877899727,0.00038732915032568815,0.315900000000056
2055,Nisqually,Agriculture,143.37449999999998,0.1757933626570559,-0.0063164446053105006,-5.15160000000003
2055,Snohomish,Open Space,118.9521,0.1005896759522109,-0.0019186539436292088,-2.268900000000002
2055,Snohomish,Low Intensity,98.3088,0.0831330454464504,0.004032902517767098,4.769100000000009
2055,Snohomish,Medium Intensity,63.7695,0.0539255157381376,0.013261620375937498,15.682499999999997
2055,Snohomish,High Intensity,29.3265,0.0247994203701533,0.005813041975977699,6.874199999999998
2055,Snohomish,Forest,724.995,0.6130788116979288,-0.015312700256175704,-18.107999999999947
2055,Snohomish,Agriculture,147.1959,0.1244735307951188,-0.005876210669877285,-6.948900000000009
2055,Cedar - Sammamish,Open Space,105.003,0.1590525826447689,0.0024293451810490085,1.6038000000000068
2055,Cedar - Sammamish,Low Intensity,204.0948,0.3091512151497346,0.0023843573073257796,1.5740999999999872
2055,Cedar - Sammamish,Medium Intensity,173.4912,0.2627946194503027,0.021973168141496496,14.506199999999978
2055,Cedar - Sammamish,High Intensity,58.8384,0.0891250676522192,0.005541688081349,3.6584999999999965
2055,Cedar - Sammamish,Forest,111.7233,0.1692321115263022,-0.032152697023029725,-21.226500000000016
2055,Cedar - Sammamish,Agriculture,7.0272,0.0106444035766722,-0.00017586168819039988,-0.11610000000000031
2055,Duwamish - Green,Open Space,43.5645,0.1306241516378954,0.0011765753561434056,0.3924000000000021
2055,Duwamish - Green,Low Intensity,80.2872,0.2407337944285379,-0.001001168479654091,-0.33389999999999986
2055,Duwamish - Green,Medium Intensity,71.091,0.2131598334444243,0.009906440670647887,3.3038999999999987
2055,Duwamish - Green,High Intensity,45.3951,0.1361130375883443,0.005154263601454018,1.7190000000000012
2055,Duwamish - Green,Forest,53.0928,0.1591938839670019,-0.012691362155831498,-4.232700000000001
2055,Duwamish - Green,Agriculture,40.0797,0.120175298933796,-0.0025447489927597072,-0.8487000000000009
2055,Puyallup - White,Open Space,64.9269,0.0590337389425791,0.004556352953691799,5.011200000000002
2055,Puyallup - White,Low Intensity,104.4918,0.0950074875412223,0.004457337381242599,4.902299999999997
2055,Puyallup - White,Medium Intensity,79.62389999999999,0.07239674967063,0.012654353821101007,13.917599999999993
2055,Puyallup - White,High Intensity,44.8776,0.0408042355752313,0.004148834316669799,4.563000000000002
2055,Puyallup - White,Forest,739.7685,0.672622603373076,-0.021718779408034128,-23.88689999999997
2055,Puyallup - White,Agriculture,66.1383,0.0601351848972611,-0.0040980990646710055,-4.507199999999997
2065,Nooksack,Open Space,42.2757,0.0446356115647978,0.0003762949392131995,0.3564000000000007
2065,Nooksack,Low Intensity,53.6094,0.0566019806797255,0.005702388712672299,5.4009
2065,Nooksack,Medium Intensity,34.128,0.0360330911488968,0.009369363890509602,8.873999999999999
2065,Nooksack,High Intensity,24.4701,0.0258360684400674,0.007242727340107901,6.8598
2065,Nooksack,Forest,296.3331,0.3128749883595631,-0.012317007581012673,-11.66579999999999
2065,Nooksack,Agriculture,496.3131,0.5240182598069493,-0.0103737673014902,-9.82529999999997
2065,Upper Skagit,Open Space,3.7233,0.0453210928770184,-0.0020705067811835967,-0.17010000000000014
2065,Upper Skagit,Low Intensity,2.601,0.0316601301461405,-1.0955062334304377e-05,-0.0009000000000001229
2065,Upper Skagit,Medium Intensity,0.8127,0.0098924212878771,0.0010516859840933,0.08640000000000003
2065,Upper Skagit,High Intensity,0.0891,0.0010845511710961,0.00021910124668610002,0.018000000000000002
2065,Upper Skagit,Forest,55.5714,0.6764312788939768,0.00417387874937003,0.3429000000000002
2065,Upper Skagit,Agriculture,19.3563,0.2356105256238908,-0.00336320413663152,-0.2762999999999991
2065,San Juan,Open Space,7.532999999999999,0.0229082220537481,-0.0026329402169301998,-0.865800000000001
2065,San Juan,Low Intensity,11.4291,0.0347564530299339,-0.002747891868812795,-0.9036000000000008
2065,San Juan,Medium Intensity,2.4039,0.0073103776709153,0.0006240232530769999,0.20520000000000005
2065,San Juan,High Intensity,0.3438,0.0010455126433132,4.1054161386700014e-05,0.013500000000000012
2065,San Juan,Forest,239.2731,0.7276412194728099,0.006866992727939558,2.258100000000013
2065,San Juan,Agriculture,67.851,0.2063382151292795,-0.002151238056660204,-0.7073999999999927
2065,Lower Skagit - Samish,Open Space,27.6102,0.0420598610617928,0.0018302990585271003,1.2014999999999993
2065,Lower Skagit - Samish,Low Intensity,32.2443,0.0491191942845313,0.000833574402685,0.5472000000000037
2065,Lower Skagit - Samish,Medium Intensity,22.6665,0.0345289002164825,0.0062737441886291,4.118399999999998
2065,Lower Skagit - Samish,High Intensity,15.0678,0.0229534583055132,0.0027954904721623,1.8351000000000006
2065,Lower Skagit - Samish,Forest,204.4692,0.3114771404559158,-0.006438265452316905,-4.226400000000012
2065,Lower Skagit - Samish,Agriculture,354.3921,0.5398614456757642,-0.005294842669686495,-3.4757999999999925
2065,Lyre - Hoko,Open Space,0.8496,0.0018083598329565,-0.0009482395310524997,-0.4454999999999999
2065,Lyre - Hoko,Low Intensity,1.1547,0.0024577602390713,-9.961304164589997e-05,-0.04679999999999995
2065,Lyre - Hoko,Medium Intensity,0.3438,0.0007317727290142,-0.0006608942186122999,-0.3105
2065,Lyre - Hoko,High Intensity,0.4518,0.0009616489789663,0.0009156737289758782,0.43019999999999997
2065,Lyre - Hoko,Forest,461.4399,0.9821673499099652,0.0017949503850428483,0.8432999999999993
2065,Lyre - Hoko,Agriculture,5.5782,0.0118731083100264,-0.0010018773227078986,-0.4706999999999999
2065,Stillaguamish,Open Space,24.6834,0.0405038988657844,-0.0017308601134215992,-1.0548000000000002
2065,Stillaguamish,Low Intensity,16.8588,0.027664224952741,-0.001162275519848703,-0.7083000000000013
2065,Stillaguamish,Medium Intensity,8.2539,0.0135441280718336,0.0047642958412098015,2.9033999999999995
2065,Stillaguamish,High Intensity,2.4003,0.0039387405482041,0.0013690335538751996,0.8343
2065,Stillaguamish,Forest,441.2691,0.724094695179584,0.004015536389413876,2.4470999999999776
2065,Stillaguamish,Agriculture,115.9425,0.1902543123818525,-0.007255730151228684,-4.421700000000001
2065,Island,Open Space,18.4482,0.0460506066916936,-0.004084301052078201,-1.6361999999999988
2065,Island,Low Intensity,33.0021,0.0823802174250031,-0.0009188554072058069,-0.3680999999999983
2065,Island,Medium Intensity,17.5833,0.0438916334732959,0.011956353244862702,4.789800000000001
2065,Island,High Intensity,4.2849,0.0106960161215315,0.003358652405311799,1.3455000000000004
2065,Island,Forest,265.3821,0.662449816790566,-0.007296925091941797,-2.9232000000000085
2065,Island,Agriculture,61.9065,0.1545317094979095,-0.0030149240989487958,-1.2077999999999989
2065,Quilcene - Snow,Open Space,10.6668,0.0439844280577008,-0.0040191643255559975,-0.9747000000000003
2065,Quilcene - Snow,Low Intensity,14.1255,0.0582463380328732,-0.0031099350921661995,-0.7541999999999991
2065,Quilcene - Snow,Medium Intensity,5.8086,0.0239516958052987,0.0016551683187424025,0.40140000000000065
2065,Quilcene - Snow,High Intensity,2.8629,0.0118051354751557,0.004327188922990101,1.0493999999999999
2065,Quilcene - Snow,Forest,176.0373,0.7258877974014599,0.004605524402599204,1.116899999999987
2065,Quilcene - Snow,Agriculture,33.012,0.1361246052275114,-0.003458782226609586,-0.8387999999999991
2065,Elwha - Dungeness,Open Space,10.2519,0.0355414525474338,-0.004489873603349799,-1.2951000000000015
2065,Elwha - Dungeness,Low Intensity,30.0141,0.1040533667811756,-0.0010514853400478003,-0.3033000000000001
2065,Elwha - Dungeness,Medium Intensity,20.2554,0.0702217479617721,0.009541371423935796,2.752200000000002
2065,Elwha - Dungeness,High Intensity,5.6862,0.0197130100249922,0.0038814473680105002,1.1196000000000002
2065,Elwha - Dungeness,Forest,151.6509,0.5257457901584717,-0.0004961013918919344,-0.14309999999997558
2065,Elwha - Dungeness,Agriculture,70.5906,0.2447246325261545,-0.00738535845665661,-2.1303000000000054
2065,Kitsap,Open Space,126.594,0.1208245895992585,0.001982533433777106,2.0771999999999906
2065,Kitsap,Low Intensity,117.2772,0.1119323945791282,0.003449676893435394,3.614399999999989
2065,Kitsap,Medium Intensity,37.1619,0.0354682790355679,0.0052449519699494,5.495400000000004
2065,Kitsap,High Intensity,11.8107,0.011272437717269,0.003249533786819199,3.4047
2065,Kitsap,Forest,731.4057,0.6980725273951247,-0.011197706171021782,-11.732399999999984
2065,Kitsap,Agriculture,23.5008,0.0224297716736516,-0.002728989912959199,-2.8592999999999975
2065,Skokomish - Dosewallips,Open Space,3.7152,0.0169959074777052,-0.0020586128243344007,-0.44999999999999973
2065,Skokomish - Dosewallips,Low Intensity,3.2463,0.0148508329147487,-0.0010992992481946,-0.24029999999999996
2065,Skokomish - Dosewallips,Medium Intensity,0.4931999999999999,0.0022562396554705,-0.0001646890259467998,-0.03600000000000009
2065,Skokomish - Dosewallips,High Intensity,0.0549,0.0002511507645688,0.0,0.0
2065,Skokomish - Dosewallips,Forest,201.7008,0.9227196745744848,0.003162029298177549,0.6911999999999807
2065,Skokomish - Dosewallips,Agriculture,9.3834,0.0429261946130219,0.00016057180029809687,0.03509999999999991
2065,Kennedy - Goldsborough,Open Space,20.3895,0.0291734969950847,-0.0013070447781951024,-0.9134999999999991
2065,Kennedy - Goldsborough,Low Intensity,23.7744,0.034016645183057,0.00015581519030699598,0.10889999999999844
2065,Kennedy - Goldsborough,Medium Intensity,7.3755,0.0105529378889745,0.0021350544258596,1.4921999999999995
2065,Kennedy - Goldsborough,High Intensity,2.7036,0.0038683374519194,0.0018955368605943997,1.3247999999999998
2065,Kennedy - Goldsborough,Forest,622.1754,0.8902146772758354,-0.002916705835085742,-2.038499999999999
2065,Kennedy - Goldsborough,Agriculture,22.4865,0.0321739052051287,3.734413651980406e-05,0.026099999999999568
2065,Chambers - Clover,Open Space,31.6773,0.1515935911792574,-0.013015763631665123,-2.719800000000003
2065,Chambers - Clover,Low Intensity,65.6019,0.3139417693169093,0.0051899388405547975,1.0845000000000056
2065,Chambers - Clover,Medium Intensity,72.2376,0.3456973038160048,0.045813592902058775,9.573300000000003
2065,Chambers - Clover,High Intensity,26.6436,0.1275045223533465,0.021991558273753098,4.595399999999998
2065,Chambers - Clover,Forest,10.1682,0.0486605220087862,-0.0570591782237919,-11.9232
2065,Chambers - Clover,Agriculture,2.6334,0.0126022913256955,-0.0029201481609096996,-0.6101999999999999
2065,Deschutes,Open Space,45.4122,0.1391914109481721,0.006747437297935421,2.2013999999999996
2065,Deschutes,Low Intensity,50.616,0.1551414037759166,0.013219018614761602,4.312800000000003
2065,Deschutes,Medium Intensity,40.8492,0.1252055127059264,0.03449027331810599,11.252700000000004
2065,Deschutes,High Intensity,15.4242,0.0472761980425259,0.008722566122678695,2.8458000000000006
2065,Deschutes,Forest,119.8926,0.3674787866750527,-0.05540291524600832,-18.075599999999994
2065,Deschutes,Agriculture,54.063,0.165706687852406,-0.007776380107473502,-2.5370999999999952
2065,Nisqually,Open Space,33.8229,0.0414707031293105,-0.003203465878619201,-2.612700000000004
2065,Nisqually,Low Intensity,34.3629,0.0421328042409783,0.00036525911327010135,0.2979000000000056
2065,Nisqually,Medium Intensity,12.9339,0.0158584251262957,0.005220667265500299,4.257899999999999
2065,Nisqually,High Intensity,4.4784,0.0054910252194313,0.0036437631178782995,2.9718
2065,Nisqually,Forest,587.9709,0.7209188639227726,0.001955405283125544,1.5948000000000775
2065,Nisqually,Agriculture,142.0164,0.1741281783612115,-0.007981628901154891,-6.509700000000009
2065,Snohomish,Open Space,118.8576,0.1005097637490848,-0.0019985661467553095,-2.3633999999999986
2065,Snohomish,Low Intensity,98.5995,0.0833788706046385,0.0042787276759552045,5.05980000000001
2065,Snohomish,Medium Intensity,67.149,0.0567833283356495,0.0161194329734494,19.061999999999998
2065,Snohomish,High Intensity,29.9097,0.0252925928237319,0.006306214429556301,7.4574
2065,Snohomish,Forest,721.3185,0.6099698464620203,-0.018421665492084127,-21.78449999999998
2065,Snohomish,Agriculture,146.71349999999998,0.1240655980248747,-0.00628414344012139,-7.4313000000000216
2065,Cedar - Sammamish,Open Space,103.8555,0.1573144147963753,0.0006911773326554183,0.45630000000001303
2065,Cedar - Sammamish,Low Intensity,204.1074,0.3091703009143444,0.0024034430719355737,1.5867000000000075
2065,Cedar - Sammamish,Medium Intensity,177.1911,0.2683990179010839,0.027577566592277697,18.206099999999992
2065,Cedar - Sammamish,High Intensity,60.2982,0.0913362898091559,0.0077529102382856985,5.118299999999998
2065,Cedar - Sammamish,Forest,107.6121,0.1630046991879007,-0.038380109361431214,-25.337700000000012
2065,Cedar - Sammamish,Agriculture,7.1136,0.0107752773911395,-4.4987873723098884e-05,-0.02970000000000006
2065,Duwamish - Green,Open Space,43.1784,0.1294664662530662,1.8889971314217657e-05,0.006300000000003081
2065,Duwamish - Green,Low Intensity,80.6382,0.2417862356874735,5.12727792815193e-05,0.017099999999999227
2065,Duwamish - Green,Medium Intensity,72.0072,0.2159069749869794,0.01265358221320298,4.220100000000002
2065,Duwamish - Green,High Intensity,45.8793,0.1375648668122094,0.006606092825319099,2.2032000000000025
2065,Duwamish - Green,Forest,51.6987,0.155013803171896,-0.0168714429509374,-5.626799999999996
2065,Duwamish - Green,Agriculture,40.1085,0.1202616530883753,-0.0024583948381804027,-0.8199000000000041
2065,Puyallup - White,Open Space,65.4462,0.0595059041103737,0.0050285181214864,5.5305000000000035
2065,Puyallup - White,Low Intensity,106.1694,0.0965328183432485,0.0059826681832687995,6.579899999999995
2065,Puyallup - White,Medium Intensity,82.8891,0.0753655802230714,0.015623184373542397,17.1828
2065,Puyallup - White,High Intensity,46.0404,0.0418614927620434,0.005206091503481898,5.7258
2065,Puyallup - White,Forest,733.7727,0.6671710187147615,-0.02717036406634865,-29.8827
2065,Puyallup - White,Agriculture,65.50919999999999,0.0595631858465013,-0.004670098115430808,-5.136300000000006
2075,Nooksack,Open Space,42.7041,0.0450879256836499,0.0008286090580653035,0.784799999999997
2075,Nooksack,Low Intensity,55.6263,0.0587314679493636,0.007831875982310395,7.4178
2075,Nooksack,Medium Intensity,36.8271,0.0388828601456147,0.0122191328872275,11.5731
2075,Nooksack,High Intensity,26.7732,0.0282677319487706,0.009674390848811103,9.1629
2075,Nooksack,Forest,292.4334,0.3087575995423646,-0.016434396398211204,-15.565499999999986
2075,Nooksack,Agriculture,492.7653,0.5202724147302364,-0.014119612378203028,-13.373099999999965
2075,Upper Skagit,Open Space,3.9492,0.0480708135229289,0.0006792138647268992,0.05579999999999963
2075,Upper Skagit,Low Intensity,3.2319,0.0393396288424881,0.0076685436340133,0.6299999999999999
2075,Upper Skagit,Medium Intensity,0.8226,0.0100129269735544,0.0011721916697705996,0.09630000000000005
2075,Upper Skagit,High Intensity,0.4869,0.0059266887228588,0.0050612387984488,0.4158
2075,Upper Skagit,Forest,54.4185,0.6623978440437326,-0.00985955610087419,-0.8099999999999952
2075,Upper Skagit,Agriculture,19.2447,0.234252097894437,-0.0047216318660853185,-0.38789999999999836
2075,San Juan,Open Space,7.470899999999999,0.0227193729113695,-0.0028217893593087996,-0.9279000000000002
2075,San Juan,Low Intensity,11.3562,0.034534760558446,-0.0029695843403006947,-0.9765000000000015
2075,San Juan,Medium Intensity,2.4957,0.0075895459683445,0.0009031915505061999,0.2969999999999997
2075,San Juan,High Intensity,0.3923999999999999,0.0011933076243051,0.00018884914237860006,0.06209999999999993
2075,San Juan,Forest,239.1768,0.7273483664549184,0.006574139710048055,2.1617999999999995
2075,San Juan,Agriculture,67.9419,0.2066146464826163,-0.0018748067033234062,-0.6164999999999878
2075,Lower Skagit - Samish,Open Space,27.7218,0.0422298663676035,0.0020003043643378043,1.3131000000000022
2075,Lower Skagit - Samish,Low Intensity,32.3973,0.0493522660747557,0.0010666461929094012,0.7002000000000024
2075,Lower Skagit - Samish,Medium Intensity,23.9886,0.0365429146861277,0.008287758658274299,5.4405
2075,Lower Skagit - Samish,High Intensity,15.5322,0.0236608997393708,0.003502931906019899,2.2995
2075,Lower Skagit - Samish,Forest,203.2371,0.3096002270393438,-0.008315178868888884,-5.458500000000015
2075,Lower Skagit - Samish,Agriculture,353.5731,0.5386138260927982,-0.006542462252652537,-4.294800000000009
2075,Lyre - Hoko,Open Space,0.9819,0.0020899582391479,-0.0006666411248610997,-0.3131999999999999
2075,Lyre - Hoko,Low Intensity,1.1961,0.0025458794682196,-1.1493812497600023e-05,-0.005400000000000071
2075,Lyre - Hoko,Medium Intensity,0.4382999999999999,0.0009329144477223,-0.00045975249990419997,-0.21600000000000008
2075,Lyre - Hoko,High Intensity,0.4545,0.0009673958852151,0.0009214206352246782,0.4329
2075,Lyre - Hoko,Forest,461.2104,0.9816788628788168,0.0013064633538943937,0.6137999999999693
2075,Lyre - Hoko,Agriculture,5.5368,0.0117849890808781,-0.001089996551856199,-0.5120999999999993
2075,Stillaguamish,Open Space,24.5232,0.0402410207939508,-0.001993738185255195,-1.2149999999999999
2075,Stillaguamish,Low Intensity,16.651799999999998,0.0273245510396975,-0.0015019494328922002,-0.915300000000002
2075,Stillaguamish,Medium Intensity,8.888399999999999,0.0145853024574669,0.005805470226843102,3.5378999999999987
2075,Stillaguamish,High Intensity,2.4831,0.0040746101134215,0.0015049031190925996,0.9170999999999998
2075,Stillaguamish,Forest,441.3852,0.7242852079395085,0.004206049149338309,2.563199999999995
2075,Stillaguamish,Agriculture,115.4763,0.1894893076559546,-0.008020734877126595,-4.887900000000002
2075,Island,Open Space,18.4239,0.0459899487552766,-0.0041449589884951996,-1.660499999999999
2075,Island,Low Intensity,34.1622,0.0852760722413556,0.001976999409146696,0.7920000000000016
2075,Island,Medium Intensity,18.9414,0.047281738141935,0.015346457913501803,6.147900000000002
2075,Island,High Intensity,5.8059,0.0144927536231884,0.0071553899069687005,2.8665000000000003
2075,Island,Forest,263.3445,0.6573635364924885,-0.012383205390019358,-4.960800000000006
2075,Island,Agriculture,59.9292,0.1495959507457556,-0.007950682851102703,-3.1850999999999985
2075,Quilcene - Snow,Open Space,10.7631,0.0443815200086098,-0.003622072374646998,-0.878400000000001
2075,Quilcene - Snow,Low Intensity,14.409,0.0594153470472316,-0.0019409260778077975,-0.470699999999999
2075,Quilcene - Snow,Medium Intensity,6.0687,0.0250242151867259,0.0027276877001696023,0.6615000000000002
2075,Quilcene - Snow,High Intensity,3.294,0.0135827714049261,0.0061048248527605,1.4805000000000001
2075,Quilcene - Snow,Forest,175.2363,0.7225848830434315,0.0013026100445707733,0.3158999999999992
2075,Quilcene - Snow,Agriculture,32.742,0.1350112633090748,-0.00457212414504618,-1.1088000000000022
2075,Elwha - Dungeness,Open Space,10.2393,0.035497770663871,-0.004533555486912602,-1.3077000000000005
2075,Elwha - Dungeness,Low Intensity,30.006,0.1040252855703137,-0.0010795665509097108,-0.311399999999999
2075,Elwha - Dungeness,Medium Intensity,20.9367,0.0725836898087045,0.011903313270868202,3.4334999999999987
2075,Elwha - Dungeness,High Intensity,6.1551,0.0213386001204371,0.005507037463455402,1.5884999999999998
2075,Elwha - Dungeness,Forest,150.96869999999998,0.523380728176999,-0.002861163373364617,-0.8252999999999986
2075,Elwha - Dungeness,Agriculture,70.1433,0.2431739256596744,-0.008936065323136705,-2.577600000000004
2075,Kitsap,Open Space,128.9997,0.1231206519339579,0.004278595768476501,4.482899999999987
2075,Kitsap,Low Intensity,119.3112,0.1138736968149758,0.005390979129283005,5.648399999999995
2075,Kitsap,Medium Intensity,40.9284,0.0390631241050467,0.008839797039428197,9.261900000000004
2075,Kitsap,High Intensity,12.1941,0.0116383645988934,0.0036154606684436,3.7881
2075,Kitsap,Forest,722.5407,0.6896115419866738,-0.019658691579472642,-20.597399999999993
2075,Kitsap,Agriculture,23.7762,0.0226926205604522,-0.002466141026158601,-2.5839
2075,Skokomish - Dosewallips,Open Space,3.6999,0.0169259146416778,-0.0021286056603617987,-0.4652999999999996
2075,Skokomish - Dosewallips,Low Intensity,3.1617,0.0144638137037738,-0.0014863184591694997,-0.32489999999999997
2075,Skokomish - Dosewallips,Medium Intensity,0.4896,0.0022397707528758,-0.0001811579285414997,-0.039600000000000024
2075,Skokomish - Dosewallips,High Intensity,0.0549,0.0002511507645688,0.0,0.0
2075,Skokomish - Dosewallips,Forest,202.0869,0.9244859643777636,0.004928319101456413,1.0773000000000081
2075,Skokomish - Dosewallips,Agriculture,9.1008,0.0416333857593399,-0.0011322370533839027,-0.2475000000000005
2075,Kennedy - Goldsborough,Open Space,20.4408,0.0292468975392789,-0.001233644234000901,-0.8622000000000014
2075,Kennedy - Goldsborough,Low Intensity,24.4125,0.0349296449345254,0.001068814941775395,0.7469999999999999
2075,Kennedy - Goldsborough,Medium Intensity,8.713799999999999,0.0124677906822516,0.0040499072191367,2.830499999999999
2075,Kennedy - Goldsborough,High Intensity,2.7612,0.0039507520980322,0.0019779515067071996,1.3824
2075,Kennedy - Goldsborough,Forest,620.6544,0.8880384155269193,-0.005092967584001795,-3.5594999999999573
2075,Kennedy - Goldsborough,Agriculture,21.9222,0.0313664992189924,-0.0007700618496164977,-0.5381999999999998
2075,Chambers - Clover,Open Space,30.1338,0.1442070807132397,-0.020402274097682804,-4.263300000000001
2075,Chambers - Clover,Low Intensity,65.1366,0.311715048669136,0.0029632181927815027,0.6192000000000064
2075,Chambers - Clover,Medium Intensity,73.3176,0.3508657076406237,0.05098199672667769,10.653300000000002
2075,Chambers - Clover,High Intensity,28.0188,0.1340856232233611,0.028572659143767692,5.9705999999999975
2075,Chambers - Clover,Forest,9.8298,0.0470410888104057,-0.05867861142217239,-12.2616
2075,Chambers - Clover,Agriculture,2.5254,0.0120854509432336,-0.0034369885433715996,-0.7182
2075,Deschutes,Open Space,46.3923,0.1421954825824533,0.009751508932216602,3.1814999999999998
2075,Deschutes,Low Intensity,50.4387,0.1545979674931311,0.012675582331976104,4.1355
2075,Deschutes,Medium Intensity,41.8644,0.1283171681728403,0.0376019287850199,12.267900000000004
2075,Deschutes,High Intensity,15.8013,0.0484320346033742,0.009878402683526993,3.222899999999999
2075,Deschutes,Forest,118.0944,0.3619671841724872,-0.060914517748573815,-19.873800000000003
2075,Deschutes,Agriculture,53.6661,0.1644901629757136,-0.008992904984165911,-2.9339999999999975
2075,Nisqually,Open Space,33.3558,0.0408979856677179,-0.0037761833402117986,-3.0797999999999988
2075,Nisqually,Low Intensity,34.3116,0.0420699046353698,0.00030235950766159536,0.24660000000000082
2075,Nisqually,Medium Intensity,14.0157,0.0171848343533368,0.006547076492541401,5.339700000000001
2075,Nisqually,High Intensity,4.7556,0.0058309037900874,0.0039836416885344,3.2490000000000006
2075,Nisqually,Forest,587.691,0.7205756748465582,0.001612216206911099,1.3149000000000797
2075,Nisqually,Agriculture,141.4557,0.1734406967069298,-0.008669110555436593,-7.0704000000000065
2075,Snohomish,Open Space,117.8352,0.0996451898181198,-0.0028631400777203025,-3.3858000000000033
2075,Snohomish,Low Intensity,98.2449,0.0830790095757651,0.003978866647081802,4.705200000000005
2075,Snohomish,Medium Intensity,69.8481,0.059065773070653,0.018401877708452898,21.7611
2075,Snohomish,High Intensity,30.7647,0.0260156079948734,0.0070292296006977985,8.3124
2075,Snohomish,Forest,720.324,0.6091288656576926,-0.019262646296411834,-22.778999999999996
2075,Snohomish,Agriculture,145.5309,0.1230655538828958,-0.007284187582100282,-8.613900000000001
2075,Cedar - Sammamish,Open Space,102.9825,0.1559920439626955,-0.0006311935010243908,-0.41669999999999163
2075,Cedar - Sammamish,Low Intensity,203.7735,0.3086645281521844,0.001897670309775612,1.2528000000000077
2075,Cedar - Sammamish,Medium Intensity,180.3906,0.2732454388430755,0.03242398753426931,21.405599999999993
2075,Cedar - Sammamish,High Intensity,61.1541,0.0926327585337224,0.009049378962852198,5.974199999999996
2075,Cedar - Sammamish,Forest,104.5791,0.1584104829925388,-0.04297432555679312,-28.370700000000014
2075,Cedar - Sammamish,Agriculture,7.2981,0.0110547475157832,0.00023448225092059967,0.15479999999999983
2075,Duwamish - Green,Open Space,42.5286,0.12751810064037,-0.0019294756413819891,-0.6435000000000031
2075,Duwamish - Green,Low Intensity,80.6148,0.2417160729368778,-1.8889971314189902e-05,-0.0062999999999959755
2075,Duwamish - Green,Medium Intensity,72.6732,0.2179039148116265,0.014650522037850083,4.886099999999999
2075,Duwamish - Green,High Intensity,46.3419,0.1389519304201399,0.007993156433249604,2.6658000000000044
2075,Duwamish - Green,Forest,51.2316,0.1536132467273125,-0.018271999395520905,-6.093899999999998
2075,Duwamish - Green,Agriculture,40.1202,0.1202967344636732,-0.0024233134628825065,-0.8082000000000065
2075,Puyallup - White,Open Space,65.1852,0.0592685940607022,0.0047912080718148994,5.269499999999994
2075,Puyallup - White,Low Intensity,106.7796,0.09708763287317,0.006537482713190296,7.190100000000001
2075,Puyallup - White,Medium Intensity,85.7637,0.0779792640115218,0.018236868161992804,20.0574
2075,Puyallup - White,High Intensity,46.5642,0.0423377494824186,0.005682348223857096,6.249600000000001
2075,Puyallup - White,Forest,730.4445,0.6641449064261924,-0.030196476354917734,-33.21090000000004
2075,Puyallup - White,Agriculture,65.0898,0.0591818531459947,-0.0050514308159374036,-5.555700000000002
2085,Nooksack,Open Space,41.7294,0.0440588160392867,-0.0002005005862978984,-0.1899000000000015
2085,Nooksack,Low Intensity,56.9511,0.0601302208547216,0.009230628887668395,8.742599999999996
2085,Nooksack,Medium Intensity,40.8672,0.0431484863631094,0.016484759104722205,15.613199999999996
2085,Nooksack,High Intensity,31.0041,0.0327348089923087,0.0141414678923492,13.393800000000002
2085,Nooksack,Forest,285.8715,0.3018294015580131,-0.023362594382562718,-22.127399999999966
2085,Nooksack,Agriculture,490.7061,0.5180982661925604,-0.016293760915879085,-15.432299999999998
2085,Upper Skagit,Open Space,4.4622,0.0543151990534826,0.006923599395280602,0.5688
2085,Upper Skagit,Low Intensity,3.5127,0.0427576082907911,0.0110865230823163,0.9108
2085,Upper Skagit,Medium Intensity,1.0026,0.0122039394404154,0.0033632041366316,0.2763
2085,Upper Skagit,High Intensity,0.6255,0.0076137683223417,0.0067483183979317,0.5544
2085,Upper Skagit,Forest,53.4942,0.6511469950264016,-0.021110405118205167,-1.7342999999999975
2085,Upper Skagit,Agriculture,19.0566,0.2319624898665673,-0.007011239893954996,-0.5760000000000005
2085,San Juan,Open Space,7.406099999999999,0.0225223129367136,-0.0030188493339646967,-0.992700000000001
2085,San Juan,Low Intensity,11.3373,0.0344772847325047,-0.0030270601662419974,-0.9954000000000001
2085,San Juan,Medium Intensity,2.691,0.0081834628364046,0.001497108418566301,0.49229999999999974
2085,San Juan,High Intensity,0.4185,0.001272679002986,0.0002682205210595,0.0882
2085,San Juan,Forest,239.112,0.7271513064802626,0.006377079735392255,2.0970000000000084
2085,San Juan,Agriculture,67.869,0.2063929540111284,-0.002096499174811306,-0.689399999999992
2085,Lower Skagit - Samish,Open Space,28.053,0.0427343982429129,0.0025048362396472013,1.6443000000000012
2085,Lower Skagit - Samish,Low Intensity,32.2578,0.0491397594424922,0.0008541395606459015,0.5607000000000042
2085,Lower Skagit - Samish,Medium Intensity,25.5357,0.0388996817884558,0.010644525760602399,6.987599999999997
2085,Lower Skagit - Samish,High Intensity,16.298099999999998,0.0248276297010237,0.0046696618676728,3.0653999999999986
2085,Lower Skagit - Samish,Forest,202.0788,0.3078357364862919,-0.010079669421940773,-6.616800000000012
2085,Lower Skagit - Samish,Agriculture,352.2267,0.5365627943388233,-0.008593494006627456,-5.641200000000026
2085,Lyre - Hoko,Open Space,1.0899,0.0023198344891,-0.0004367648749089999,-0.20519999999999983
2085,Lyre - Hoko,Low Intensity,1.3185,0.0028064058848319,0.00024903260411470026,0.11699999999999999
2085,Lyre - Hoko,Medium Intensity,0.8171999999999999,0.0017393969579709,0.0003467300103444,0.16289999999999993
2085,Lyre - Hoko,High Intensity,0.4545,0.0009673958852151,0.0009214206352246782,0.4329
2085,Lyre - Hoko,Forest,460.6749,0.9805390598061376,0.00016666028121525844,0.07829999999995607
2085,Lyre - Hoko,Agriculture,5.463,0.0116279069767441,-0.0012470786559902,-0.5858999999999996
2085,Stillaguamish,Open Space,23.9364,0.0392781190926275,-0.002956639886578495,-1.8018
2085,Stillaguamish,Low Intensity,16.3089,0.0267618738185255,-0.002064626654064202,-1.2581999999999987
2085,Stillaguamish,Medium Intensity,9.4428,0.0154950378071833,0.006715205576559502,4.0923
2085,Stillaguamish,High Intensity,2.4903,0.004086424858223,0.0015167178638940994,0.9242999999999999
2085,Stillaguamish,Forest,442.1997,0.7256217509451796,0.005542592155009407,3.3777000000000044
2085,Stillaguamish,Agriculture,115.0299,0.1887567934782608,-0.008753249054820389,-5.334299999999999
2085,Island,Open Space,18.6705,0.0466055144803973,-0.0035293932633745015,-1.4138999999999982
2085,Island,Low Intensity,35.2593,0.0880146657410714,0.004715592908862504,1.8891000000000062
2085,Island,Medium Intensity,20.5218,0.0512267505992779,0.0192914703708447,7.728299999999999
2085,Island,High Intensity,6.7221,0.0167797824851331,0.0094424187689134,3.7827
2085,Island,Forest,260.7588,0.6509090827396719,-0.018837659142835972,-7.5464999999999804
2085,Island,Agriculture,58.6746,0.1464642039544481,-0.011082429642410213,-4.439700000000002
2085,Quilcene - Snow,Open Space,11.0223,0.0454503282503089,-0.0025532641329479022,-0.6192000000000011
2085,Quilcene - Snow,Low Intensity,14.4423,0.0595526592171721,-0.0018036139078672977,-0.43740000000000023
2085,Quilcene - Snow,Medium Intensity,6.5781,0.0271247202728429,0.0048281927862866,1.1709000000000005
2085,Quilcene - Snow,High Intensity,3.6153,0.0149076482878656,0.0074297017357,1.8018
2085,Quilcene - Snow,Forest,174.591,0.7199239958583682,-0.0013582771404925253,-0.3293999999999926
2085,Quilcene - Snow,Agriculture,32.2641,0.1330406481134421,-0.006542739340678894,-1.5867000000000004
2085,Elwha - Dungeness,Open Space,10.3086,0.0357380210234665,-0.004293305127317099,-1.2384000000000004
2085,Elwha - Dungeness,Low Intensity,30.6252,0.1061719381339723,0.001067086012748894,0.3078000000000003
2085,Elwha - Dungeness,Medium Intensity,22.1859,0.076914436550504,0.01623406001266771,4.6827000000000005
2085,Elwha - Dungeness,High Intensity,6.3603,0.0220499907956031,0.006218428138621401,1.7936999999999994
2085,Elwha - Dungeness,Forest,149.79149999999998,0.5192995921984156,-0.006942299351948011,-2.0024999999999977
2085,Elwha - Dungeness,Agriculture,69.1776,0.2398260212980383,-0.012283969684772827,-3.543300000000002
2085,Kitsap,Open Space,132.4089,0.1263744806372281,0.007532424471746693,7.892099999999985
2085,Kitsap,Low Intensity,122.2398,0.1166688284412803,0.008186110755587506,8.576999999999998
2085,Kitsap,Medium Intensity,43.2504,0.0412793009937577,0.011055973928139198,11.5839
2085,Kitsap,High Intensity,12.6513,0.012074728110314,0.004051824179864201,4.2453
2085,Kitsap,Forest,713.5083,0.680990785686246,-0.028279447879900443,-29.629800000000046
2085,Kitsap,Agriculture,23.6916,0.0226118761311736,-0.0025468854554372006,-2.668499999999998
2085,Skokomish - Dosewallips,Open Space,3.7053,0.0169506179955698,-0.0021039023064697987,-0.45989999999999975
2085,Skokomish - Dosewallips,Low Intensity,3.114,0.0142456007443943,-0.0017045314185489997,-0.37260000000000026
2085,Skokomish - Dosewallips,Medium Intensity,0.4608,0.0021080195321184,-0.00031290914929889974,-0.06840000000000002
2085,Skokomish - Dosewallips,High Intensity,0.0549,0.0002511507645688,0.0,0.0
2085,Skokomish - Dosewallips,Forest,202.0851,0.9244777299264664,0.00492008465015914,1.0755000000000052
2085,Skokomish - Dosewallips,Agriculture,9.1737,0.0419668810368821,-0.000798741775841702,-0.17459999999999987
2085,Kennedy - Goldsborough,Open Space,20.4408,0.0292468975392789,-0.001233644234000901,-0.8622000000000014
2085,Kennedy - Goldsborough,Low Intensity,25.1091,0.035926347060952,0.0020655170682019955,1.4436
2085,Kennedy - Goldsborough,Medium Intensity,9.036,0.012928797608945,0.004510914145830099,3.1526999999999994
2085,Kennedy - Goldsborough,High Intensity,2.7045,0.0038696251807649,0.0018968245894398997,1.3256999999999999
2085,Kennedy - Goldsborough,Forest,620.2152,0.8874100038503092,-0.005721379260611892,-3.9986999999999853
2085,Kennedy - Goldsborough,Agriculture,21.3993,0.0306183287597497,-0.0015182323088591965,-1.0610999999999997
2085,Chambers - Clover,Open Space,29.3139,0.1402834008097166,-0.024325954001205907,-5.0832000000000015
2085,Chambers - Clover,Low Intensity,64.9008,0.3105866138340942,0.0018347833577396777,0.38340000000000884
2085,Chambers - Clover,Medium Intensity,74.3013,0.355573262124214,0.055689551210267974,11.637
2085,Chambers - Clover,High Intensity,28.4274,0.1360410026703419,0.030528038590748485,6.379199999999997
2085,Chambers - Clover,Forest,9.5085,0.0455034886725816,-0.06021621155999649,-12.5829
2085,Chambers - Clover,Agriculture,2.5101,0.0120122318890515,-0.003510207597553699,-0.7334999999999998
2085,Deschutes,Open Space,45.7623,0.1402644907146876,0.007820517064450916,2.5515000000000043
2085,Deschutes,Low Intensity,50.4513,0.1546365873304865,0.012714202169331501,4.148100000000007
2085,Deschutes,Medium Intensity,43.0299,0.1318895031282068,0.041174263740386394,13.433399999999999
2085,Deschutes,High Intensity,16.372799999999998,0.0501837200834188,0.011630088163571597,3.7943999999999978
2085,Deschutes,Forest,117.7434,0.3608913458461606,-0.06199035607490039,-20.224800000000002
2085,Deschutes,Agriculture,52.8975,0.1621343528970395,-0.011348715062839992,-3.702599999999997
2085,Nisqually,Open Space,33.3252,0.0408604666047234,-0.003813702403206297,-3.1103999999999985
2085,Nisqually,Low Intensity,34.3449,0.0421107342039227,0.0003431890762145007,0.2799000000000049
2085,Nisqually,Medium Intensity,15.5853,0.0191093415845845,0.008471583723789101,6.9093
2085,Nisqually,High Intensity,4.8825,0.0059864975513293,0.0041392354497763,3.3759000000000006
2085,Nisqually,Forest,586.9449,0.7196608718106038,0.0006974131709567288,0.5688000000000102
2085,Nisqually,Agriculture,140.5026,0.1722720882448361,-0.009837719017530278,-8.023500000000013
2085,Snohomish,Open Space,117.3879,0.0992669387233226,-0.0032413911725175104,-3.8331000000000017
2085,Snohomish,Low Intensity,97.1118,0.0821208242068523,0.003020681278168999,3.572100000000006
2085,Snohomish,Medium Intensity,72.5166,0.0613223414732157,0.020658446111015596,24.429599999999994
2085,Snohomish,High Intensity,31.329,0.0264927980078268,0.0075064196136512,8.8767
2085,Snohomish,Forest,719.0244,0.6080298825975575,-0.02036162935654695,-24.078599999999938
2085,Snohomish,Agriculture,145.1781,0.1227672149912248,-0.007582526473771292,-8.966700000000003
2085,Cedar - Sammamish,Open Space,101.6757,0.1540125775188778,-0.002610659944842081,-1.7234999999999872
2085,Cedar - Sammamish,Low Intensity,203.1642,0.3077415951064099,0.0009747372640011021,0.6434999999999889
2085,Cedar - Sammamish,Medium Intensity,183.2139,0.277522013384574,0.0367005620757678,24.22889999999998
2085,Cedar - Sammamish,High Intensity,62.1171,0.0940914562574724,0.010508076686602197,6.937199999999997
2085,Cedar - Sammamish,Forest,102.7737,0.1556757655777328,-0.04570904297159911,-30.176100000000005
2085,Cedar - Sammamish,Agriculture,7.2333,0.0109565921549327,0.00013632689007010007,0.08999999999999986
2085,Duwamish - Green,Open Space,42.1956,0.1265196307280464,-0.0029279455537055965,-0.9765000000000015
2085,Duwamish - Green,Low Intensity,80.4969,0.2413625606165686,-0.000372402291623386,-0.12420000000000186
2085,Duwamish - Green,Medium Intensity,73.4931,0.2203623096498069,0.0171089168760305,5.706000000000003
2085,Duwamish - Green,High Intensity,46.6533,0.139885634716529,0.00892686072963872,2.9772000000000034
2085,Duwamish - Green,Forest,50.8527,0.1524771498811281,-0.019408096241705308,-6.472799999999999
2085,Duwamish - Green,Agriculture,39.8187,0.1193927144079208,-0.0033273335186349007,-1.1097000000000037
2085,Puyallup - White,Open Space,64.7991,0.0589175388492917,0.004440152860404396,4.883399999999995
2085,Puyallup - White,Low Intensity,108.0414,0.098234904216754,0.007684754056774296,8.451899999999995
2085,Puyallup - White,Medium Intensity,87.2406,0.0793221115684557,0.0195797157189267,21.5343
2085,Puyallup - White,High Intensity,47.4012,0.0430987782623994,0.006443377003837895,7.086600000000004
2085,Puyallup - White,Forest,727.7877,0.6617292537826404,-0.03261212899846977,-35.86770000000001
2085,Puyallup - White,Agriculture,64.557,0.0586974133204585,-0.005535870641473609,-6.088499999999996
2095,Nooksack,Open Space,41.7996,0.0441329347394347,-0.00012638188614989831,-0.1197000000000017
2095,Nooksack,Low Intensity,58.8879,0.0621751367870113,0.0112755448199581,10.679400000000001
2095,Nooksack,Medium Intensity,45.0297,0.0475433451859904,0.0208796179276032,19.775699999999997
2095,Nooksack,High Intensity,33.0084,0.03485099290551,0.0162576518055505,15.398100000000003
2095,Nooksack,Forest,280.8198,0.2964957058665901,-0.02869629007398572,-27.179100000000005
2095,Nooksack,Agriculture,487.584,0.5148018845154633,-0.0195901425929762,-18.554399999999987
2095,Upper Skagit,Open Space,4.6494,0.0565938520190179,0.009202252360815899,0.7559999999999998
2095,Upper Skagit,Low Intensity,3.6108,0.0439517100852303,0.012280624876755498,1.0088999999999997
2095,Upper Skagit,Medium Intensity,1.1178,0.0136061874192064,0.0047654521154225984,0.39149999999999996
2095,Upper Skagit,High Intensity,0.6264,0.007624723384676,0.006759273460266,0.5552999999999999
2095,Upper Skagit,Forest,53.0991,0.6463377226616419,-0.025919677482964865,-2.129399999999997
2095,Upper Skagit,Agriculture,19.0503,0.2318858044302272,-0.0070879253302951195,-0.5823
2095,San Juan,Open Space,7.2999,0.0221993535338053,-0.0033418087368729983,-1.0988999999999995
2095,San Juan,Low Intensity,11.2086,0.0340859017272854,-0.0034184431714612967,-1.1241000000000003
2095,San Juan,Medium Intensity,2.7,0.008210832277329,0.0015244778594906997,0.5013000000000001
2095,San Juan,High Intensity,0.4553999999999999,0.0013848937107761,0.0003804352288496,0.12509999999999993
2095,San Juan,Forest,239.3937,0.7280079699811972,0.007233743236326862,2.378700000000009
2095,San Juan,Agriculture,67.77629999999999,0.2061110487696067,-0.0023784044163329965,-0.7820999999999998
2095,Lower Skagit - Samish,Open Space,27.9747,0.0426151203267392,0.002385558323473501,1.565999999999999
2095,Lower Skagit - Samish,Low Intensity,32.3001,0.0492041969374366,0.0009185770555903,0.6030000000000015
2095,Lower Skagit - Samish,Medium Intensity,27.5913,0.0420310698406474,0.013775913812794003,9.043199999999999
2095,Lower Skagit - Samish,High Intensity,17.1486,0.0261232346525653,0.005965266819214398,3.915899999999999
2095,Lower Skagit - Samish,Forest,200.6919,0.3057230092584341,-0.012192396649798598,-8.00370000000001
2095,Lower Skagit - Samish,Agriculture,350.7435,0.5343033689841771,-0.010852919361273639,-7.124400000000037
2095,Lyre - Hoko,Open Space,1.1475,0.0024424351557411,-0.0003141642082678999,-0.14759999999999995
2095,Lyre - Hoko,Low Intensity,1.6227,0.0034538906555304,0.0008965173748132003,0.4212
2095,Lyre - Hoko,Medium Intensity,0.8379,0.0017834565725451,0.00039078962491860005,0.18359999999999999
2095,Lyre - Hoko,High Intensity,0.6399,0.0013620167809662,0.0013160415309757783,0.6183000000000001
2095,Lyre - Hoko,Forest,460.2465,0.9796272173479944,-0.0007451821769279832,-0.35009999999999764
2095,Lyre - Hoko,Agriculture,5.3235,0.0113309834872227,-0.0015440021455115985,-0.7253999999999996
2095,Stillaguamish,Open Space,23.7843,0.0390285326086956,-0.0032062263705103997,-1.9538999999999973
2095,Stillaguamish,Low Intensity,16.2648,0.0266895085066162,-0.0021369919659735004,-1.302299999999999
2095,Stillaguamish,Medium Intensity,10.0413,0.016477138468809,0.007697306238185202,4.690799999999999
2095,Stillaguamish,High Intensity,2.5965,0.0042606923440453,0.0016909853497163998,1.0304999999999997
2095,Stillaguamish,Forest,442.1232,0.7254962192816635,0.005417060491493375,3.3011999999999944
2095,Stillaguamish,Agriculture,114.5979,0.1880479087901701,-0.009462133742911077,-5.766300000000001
2095,Island,Open Space,19.4535,0.0485600479871674,-0.001574859756604402,-0.6309000000000005
2095,Island,Low Intensity,36.4995,0.0911104670885763,0.007811394256367399,3.1293000000000006
2095,Island,Medium Intensity,22.6278,0.0564837717554182,0.024548491526985003,9.8343
2095,Island,High Intensity,7.3458,0.0183366695198362,0.010999305803616497,4.4064
2095,Island,Forest,257.3019,0.6422799296367937,-0.027466812245714123,-11.0034
2095,Island,Agriculture,57.3786,0.1432291140122079,-0.014317519584650412,-5.735700000000001
2095,Quilcene - Snow,Open Space,11.088,0.0457212414504618,-0.0022823509327949965,-0.5535000000000014
2095,Quilcene - Snow,Low Intensity,14.4171,0.0594487473047847,-0.0019075258202546977,-0.4626000000000001
2095,Quilcene - Snow,Medium Intensity,6.7842,0.0279745712705829,0.005678043784026601,1.3770000000000007
2095,Quilcene - Snow,High Intensity,4.0401,0.0166593062395392,0.009181359687373599,2.2266
2095,Quilcene - Snow,Forest,174.1221,0.7179904920600165,-0.003291780938844191,-0.7983000000000118
2095,Quilcene - Snow,Agriculture,32.0616,0.1322056416746146,-0.007377745779506395,-1.789200000000001
2095,Elwha - Dungeness,Open Space,10.4148,0.0361061968992103,-0.003925129251573303,-1.132200000000001
2095,Elwha - Dungeness,Low Intensity,30.5847,0.1060315320796632,0.0009266799584397994,0.2673000000000023
2095,Elwha - Dungeness,Medium Intensity,22.7304,0.0788021179473258,0.01812174140948951,5.2272
2095,Elwha - Dungeness,High Intensity,6.7833,0.0235164540294977,0.007684891372516,2.2166999999999994
2095,Elwha - Dungeness,Forest,149.22,0.5173183067653877,-0.008923584784975902,-2.573999999999984
2095,Elwha - Dungeness,Agriculture,68.7159,0.2382253922789151,-0.013884598703896023,-4.0049999999999955
2095,Kitsap,Open Space,136.9539,0.1307123462527283,0.011870290087246896,12.437100000000001
2095,Kitsap,Low Intensity,124.7391,0.1190542250381603,0.010571507352467494,11.07629999999999
2095,Kitsap,Medium Intensity,44.8542,0.0428100092168907,0.012586682151272201,13.1877
2095,Kitsap,High Intensity,13.0545,0.0124595526243227,0.0044366486938729,4.6485
2095,Kitsap,Forest,704.6379,0.672524646378054,-0.03674558718809251,-38.50020000000006
2095,Kitsap,Agriculture,23.5107,0.0224392204898438,-0.0027195410967669996,-2.8493999999999993
2095,Skokomish - Dosewallips,Open Space,3.7071,0.0169588524468672,-0.0020956678551724006,-0.4580999999999995
2095,Skokomish - Dosewallips,Low Intensity,3.0483,0.0139450432720415,-0.0020050888909018006,-0.43830000000000036
2095,Skokomish - Dosewallips,Medium Intensity,0.4563,0.0020874334038751,-0.0003334952775421998,-0.07290000000000002
2095,Skokomish - Dosewallips,High Intensity,0.0549,0.0002511507645688,0.0,0.0
2095,Skokomish - Dosewallips,Forest,202.1805,0.9249141558452252,0.005356510568917949,1.170899999999989
2095,Skokomish - Dosewallips,Agriculture,9.1467,0.041843364267422,-0.000922258545301799,-0.2016000000000009
2095,Kennedy - Goldsborough,Open Space,20.628,0.0295147451391455,-0.000965796634134302,-0.6750000000000007
2095,Kennedy - Goldsborough,Low Intensity,25.6716,0.0367311775893973,0.0028703475966472963,2.0061
2095,Kennedy - Goldsborough,Medium Intensity,10.251,0.0146672315503868,0.0062493480872719,4.367699999999999
2095,Kennedy - Goldsborough,High Intensity,2.7522,0.003937874809577,0.001965074218252,1.3734000000000002
2095,Kennedy - Goldsborough,Forest,618.2649,0.8846194954420837,-0.00851188766883737,-5.948999999999955
2095,Kennedy - Goldsborough,Agriculture,21.3372,0.0305294754694093,-0.0016070855991995973,-1.1232000000000006
2095,Chambers - Clover,Open Space,28.3491,0.1356662933930571,-0.0289430614178654,-6.048000000000002
2095,Chambers - Clover,Low Intensity,64.5912,0.3091050047377035,0.00035317426134900964,0.07380000000000564
2095,Chambers - Clover,Medium Intensity,75.4245,0.3609484021018175,0.0610646911878715,12.760199999999998
2095,Chambers - Clover,High Intensity,28.998,0.1387716426910155,0.03325867861142209,6.9498
2095,Chambers - Clover,Forest,9.2106,0.0440778706176242,-0.061641829614953896,-12.8808
2095,Chambers - Clover,Agriculture,2.3886,0.0114307864587819,-0.0040916530278233,-0.855
2095,Deschutes,Open Space,45.3861,0.1391114127136504,0.006667439063413716,2.1753
2095,Deschutes,Low Intensity,50.8743,0.1559331104417005,0.014010725280545505,4.571100000000001
2095,Deschutes,Medium Intensity,43.7607,0.134129453694815,0.04341421430699459,14.164200000000001
2095,Deschutes,High Intensity,16.8003,0.0514940359936884,0.0129404040738412,4.2219
2095,Deschutes,Forest,116.8605,0.3581851986714776,-0.06469650324958343,-21.107699999999994
2095,Deschutes,Agriculture,52.5753,0.1611467884846679,-0.012336279475211598,-4.024799999999999
2095,Nisqually,Open Space,32.9256,0.0403705117820892,-0.0043036572258405015,-3.509999999999998
2095,Nisqually,Low Intensity,34.4853,0.0422828804929563,0.0005153353652481013,0.42030000000000456
2095,Nisqually,Medium Intensity,17.055,0.0209113601101736,0.0102736022493782,8.379
2095,Nisqually,High Intensity,6.21,0.0076141627841793,0.0057669006826263,4.7034
2095,Nisqually,Forest,585.4472999999999,0.7178246447275785,-0.0011388139120686036,-0.9288000000000238
2095,Nisqually,Agriculture,139.4622,0.1709964401030229,-0.011113367159343496,-9.063900000000018
2095,Snohomish,Open Space,116.118,0.0981930709270272,-0.004315258968812907,-5.103000000000009
2095,Snohomish,Low Intensity,96.3081,0.0814411899459793,0.0023410470172960107,2.7683999999999997
2095,Snohomish,Medium Intensity,74.7054,0.0631732603113379,0.022509364949137793,26.618399999999994
2095,Snohomish,High Intensity,32.6826,0.0276374451840339,0.0086510667898583,10.2303
2095,Snohomish,Forest,718.3701,0.607476585724484,-0.020914926229620434,-24.732899999999972
2095,Snohomish,Agriculture,144.3636,0.1220784479071374,-0.008271293557858689,-9.781200000000013
2095,Cedar - Sammamish,Open Space,99.7164,0.151044741122052,-0.0055784963416679045,-3.6828000000000003
2095,Cedar - Sammamish,Low Intensity,202.9212,0.3073735125032207,0.0006066546608118895,0.40049999999999386
2095,Cedar - Sammamish,Medium Intensity,186.1596,0.2819839924965679,0.04116254118776172,27.174599999999998
2095,Cedar - Sammamish,High Intensity,63.2196,0.0957614606608309,0.012178081089960699,8.039699999999996
2095,Cedar - Sammamish,Forest,100.8729,0.1527965416594527,-0.04858826688987922,-32.07690000000001
2095,Cedar - Sammamish,Agriculture,7.2882,0.0110397515578755,0.00021948629301290004,0.1448999999999998
2095,Duwamish - Green,Open Space,41.598,0.1247277820205253,-0.004719794261226692,-1.5741000000000014
2095,Duwamish - Green,Low Intensity,80.3556,0.2409388855456638,-0.0007960773625281803,-0.26550000000000296
2095,Duwamish - Green,Medium Intensity,74.5596,0.2235601119365729,0.0203067191627965,6.772500000000008
2095,Duwamish - Green,High Intensity,46.9125,0.140662822107743,0.00970404812085271,3.2364000000000033
2095,Duwamish - Green,Forest,50.3712,0.1510334163592548,-0.020851829763578605,-6.954299999999996
2095,Duwamish - Green,Agriculture,39.7134,0.1190769820302401,-0.003643065896315606,-1.2150000000000034
2095,Puyallup - White,Open Space,64.0998,0.0582817115782755,0.0038043255893881953,4.184100000000001
2095,Puyallup - White,Low Intensity,108.297,0.0984673044033288,0.0079171542433491,8.707499999999996
2095,Puyallup - White,Medium Intensity,88.9947,0.0809169987643511,0.0211746029148221,23.288399999999996
2095,Puyallup - White,High Intensity,47.9565,0.0436036758508383,0.006948274592276794,7.6419
2095,Puyallup - White,Forest,726.2676,0.6603471273209333,-0.03399425546017687,-37.38779999999997
2095,Puyallup - White,Agriculture,64.2114,0.0583831820822729,-0.005850101879659203,-6.434100000000001
